hash,dps-satcomp2023,gimsatul,mallob23-parallel-1,mallob23-parallel-2,nps-satcomp2023,pahkis23,pakisinc23,satcomp-mergesat,satcomp-nopre-prs,satcomp-pkisds,satcomp-pkisds-step,satcomp-pkissat,satcomp-pkissat-str,satcomp-prs,satcomp-solimul-parallel,aresult
00a981f385cd209d41e1efa1f5f29bac,1.503,1.387,1.16,1.674,1.045,1.184,1.183,67.144,1.513,2.543,1.526,1.58,1.586,0.881,3.85,sat
00b46ace235e3915a439c77a231a5657,10000.0,10000.0,10000.0,10000.0,10000.0,10000.0,10000.0,4294.521,4933.81,10000.0,10000.0,10000.0,10000.0,10000.0,2695.507,sat
00bb0b4ef28ed38c49de4c54b9fabc4d,10000.0,10000.0,10000.0,10000.0,10000.0,10000.0,10000.0,10000.0,10000.0,10000.0,10000.0,10000.0,10000.0,216.078,10000.0,sat
00f4aca773e5675f35263dcd46b15bde,6.516,3.016,3.301,5.088,4.841,6.059,1.056,31.102,2.529,2.118,20.127,2.12,4.166,1.583,142.341,sat
0191a0bf3412ed407ba669f8d69081ee,3.585,3.611,7.771,5.323,2.316,8.064,7.066,24.19,3.729,7.148,6.148,5.146,4.192,7.21,19.993,sat
028d0cc7af63e9bba5795f20e24db4f6,0.238,0.179,0.773,0.888,0.288,2.048,1.047,33.205,0.492,1.16,1.159,1.166,1.171,0.335,1.849,sat
0336f81b60baac5b8f481dd3c32861a5,5.869,29.341,7.779,14.089,2.843,79.082,11.075,139.405,9.648,7.132,6.133,3.132,13.193,8.612,44.765,sat
037c423f56548082b1935e88c48ffdda,0.057,0.039,0.671,0.684,0.057,1.031,1.031,0.683,0.136,1.033,1.034,1.035,1.036,0.196,0.847,sat
037d21e060a2e3eab8b080aa84ceee75,0.367,1.232,0.869,0.983,0.324,1.069,1.069,12.227,0.53,1.141,1.142,1.144,1.21,0.446,1.947,sat
03de316ba1e90305471a3b8620cb9cd7,0.051,0.053,0.566,0.583,0.052,1.032,1.033,0.41,0.054,1.043,1.044,1.045,1.049,0.106,0.654,sat
090eefb9bc472f6478e70baf2c6d2403,10000.0,3311.212,2959.504,2965.72,10000.0,3288.943,2030.997,10000.0,2487.646,2524.551,4382.478,10000.0,10000.0,2003.162,10000.0,sat
096ac97e4261eabca440fc7bc135d7c0,19.668,29.001,16.67,38.699,14.725,30.591,19.584,183.665,16.56,17.58,20.555,14.863,21.87,18.254,288.148,sat
0a279c478775cdeede51ad431aebf200,10000.0,10000.0,10000.0,10000.0,10000.0,10000.0,10000.0,10000.0,1859.637,10000.0,1850.227,10000.0,10000.0,140.979,10000.0,sat
0c9da400944b002f90fd385d4fdab385,33.503,21.122,30.093,36.508,28.542,38.411,38.365,1710.84,30.895,1.834,1.848,1.853,2.418,30.0,1.939,sat
10196804504080e7107809a2e5b3bfcc,5.227,17.74,25.68,4.849,18.072,6.112,9.113,110.728,26.052,61.316,7.293,23.321,38.353,48.581,15.165,sat
150b5f8cac40bb4e0fcbdd65c3c04701,10000.0,10000.0,10000.0,10000.0,1500.033,10000.0,4481.151,10000.0,10000.0,10000.0,10000.0,10000.0,10000.0,10000.0,10000.0,sat
15c53f73c62a78c24bf5974e4a7afcd8,10000.0,10000.0,10000.0,10000.0,1116.522,10000.0,10000.0,10000.0,10000.0,2007.252,10000.0,10000.0,10000.0,60.888,10000.0,sat
177a4ad8fd76ad8240387998112c3168,17.027,36.258,12.669,26.082,15.334,18.593,26.572,254.17,18.095,21.69,23.582,22.922,16.926,20.692,479.373,sat
18babbd2835b8a37c6299f8b0301c7c9,0.52,1.319,0.862,1.161,0.472,1.224,1.271,99.63,0.823,1.471,1.488,1.554,1.547,0.621,10000.0,sat
1932e1e8f0c78372759909e45a19ecc7,1.153,1.381,3.963,1.772,3.619,1.233,1.218,122.401,44.332,2.319,1.308,1.399,1.392,0.477,10000.0,sat
1a40d2d8c589799a0d267cae03fcd4c5,12.79,4.039,7.164,20.178,24.334,95.055,2000.189,32.735,18.137,1.072,1.073,1.072,1.091,86.437,0.847,sat
1b02025658c2a23e1fd3ce0a9c3633cb,49.978,28.872,53.901,76.73,50.293,190.341,218.341,79.315,273.562,22.647,22.703,5.806,8.809,155.33,11.256,sat
1b86f59ce4c43f19f0ad1238f8c362b4,11.53,4.675,14.068,15.285,5.985,17.599,22.604,223.062,15.192,20.511,19.488,15.696,16.797,10.346,88.819,sat
1d1af993697599892804df5878d58979,0.577,1.031,0.867,1.17,0.618,1.231,1.227,58.274,0.964,1.517,1.516,1.589,1.606,0.653,9.845,sat
1eea3d913d346b900252d77fc0cb25c8,461.171,2448.154,172.389,586.506,27.776,224.055,639.083,10000.0,392.891,358.089,363.092,111.066,115.075,774.066,215.283,sat
1f215812371f0c428eb1f1e51f9f23d7,10000.0,10000.0,10000.0,10000.0,10000.0,10000.0,10000.0,10000.0,641.586,10000.0,10000.0,10000.0,10000.0,166.541,10000.0,sat
20be6aa61af15fd53b4c48eb3f2f3319,10000.0,10000.0,2057.381,10000.0,10000.0,10000.0,10000.0,10000.0,10000.0,10000.0,10000.0,10000.0,10000.0,91.468,10000.0,sat
220bb8aa093e502c47afcdac3140d67c,0.104,0.451,0.869,0.682,0.104,1.045,4.057,6.893,0.551,1.078,1.078,1.079,1.104,0.26,1.148,sat
24b93d0bf941e4b050c9109e4cb7faf4,0.044,0.073,0.56,0.566,0.044,1.033,1.033,1.133,0.145,1.042,1.043,1.042,1.045,0.204,0.762,sat
24bf910d2b9da558fb3e71a4dbe79ba3,0.741,0.385,0.867,0.888,0.082,2.035,3.035,3.757,0.349,1.046,1.046,1.047,1.051,0.211,3.058,sat
2537f10a45d7ab430334dc1de6bfbdf0,15.42,31.502,13.169,24.691,20.398,23.633,50.945,229.955,18.801,22.573,25.613,20.945,19.846,12.437,2290.743,sat
25b7a69d04a5029cf4ba2f483b5bec45,107.423,66.227,40.79,54.224,51.894,360.355,737.381,52.254,297.178,14.649,5.639,10.817,3.814,464.187,67.092,sat
2722f39c27dc45a989bb52761ed52e50,10000.0,10000.0,10000.0,10000.0,10000.0,10000.0,10000.0,10000.0,10000.0,10000.0,10000.0,10000.0,10000.0,83.79,10000.0,sat
291c2b4fa2d8b009cd2a8331891ba667,9.206,4.891,17.184,20.491,17.738,15.643,15.871,269.997,19.236,18.636,18.618,16.817,17.921,11.173,154.93,sat
29bab0de14e56e526be9683131005cb2,11.132,4.334,9.378,8.076,5.345,7.035,75.042,368.056,15.175,9.053,2.05,2.054,3.057,26.446,11.057,sat
2b7e863462991fd008f9898eca63ebf4,13.462,27.729,34.786,53.499,24.891,33.58,17.64,282.079,16.37,21.59,15.603,21.864,23.96,25.93,2022.215,sat
2c9dc96b7a8b0410e64dd33f7e00a0c1,10000.0,10000.0,10000.0,10000.0,10000.0,10000.0,10000.0,10000.0,10000.0,10000.0,254.091,10000.0,10000.0,308.108,10000.0,sat
2d0c041c0fe72dc32527bfbf34f63e61,3.741,21.982,13.778,10.68,6.112,2.032,1.032,812.243,3.643,1.034,1.034,1.036,1.037,4.503,0.848,sat
323223c497a22051f5a3ef508ccbaa7c,18.446,29.777,28.166,24.994,17.823,23.581,30.565,246.888,19.815,21.587,19.571,18.873,20.883,15.693,625.767,sat
328da7966b09b2f6e99c93c4e877fbff,1824.826,10000.0,1295.721,246.352,199.344,10000.0,10000.0,10000.0,3574.911,10000.0,10000.0,8.04,10000.0,10000.0,23.15,sat
339b1cfda231aaca601cd6339c07ca2c,10000.0,10000.0,10000.0,10000.0,10000.0,10000.0,10000.0,10000.0,10000.0,10000.0,10000.0,10000.0,10000.0,10000.0,10000.0,sat
33bcf82677b7fdacf18dd48892596a1d,30.81,71.578,37.289,59.321,31.339,107.284,201.281,651.806,49.373,84.621,70.629,60.034,61.289,56.518,639.797,sat
33cfa309d10e1d4fe30f1302807f42ce,24.366,35.625,13.064,15.584,14.381,25.586,43.582,213.566,12.65,20.606,25.576,19.882,21.861,18.257,604.463,sat
358fa8d20aa467c7e9b9bf34f73d1dc9,3.456,6.082,3.176,4.262,3.632,5.371,3.37,191.742,5.188,5.355,5.366,4.457,6.957,4.174,29.972,sat
35b19a3332597c1e5a3668f75ca72971,17.978,39.081,16.669,29.897,13.531,38.592,25.574,221.36,14.863,22.562,19.618,20.979,21.908,23.639,460.757,sat
36c342091848d5d6a1a8eeb3a8b49b86,0.035,0.044,0.552,0.577,0.035,1.031,1.031,0.18,0.038,1.034,1.034,1.037,1.037,0.1,0.649,sat
3728fe50d8038c639c2d9c84e04fe2b1,18.691,42.904,9.978,6.987,13.165,21.045,26.056,160.85,22.615,6.062,5.062,22.073,22.087,17.145,104.515,sat
38833d6a1ff6a56ef22bd2dc1e3fdde7,121.295,88.266,29.994,333.142,149.496,1591.162,218.061,1169.199,91.873,21.114,172.128,846.204,129.157,31.431,59.288,sat
396245861b331d45e1345bd43fe352e2,89.219,12.982,28.081,66.224,24.268,208.35,356.382,242.008,214.569,7.624,2.643,9.813,2.811,383.381,78.903,sat
3a7a64e1d6cf5ce969b2b05b5464f707,19.536,16.434,13.47,19.389,16.846,17.619,18.678,232.241,14.571,16.534,21.569,19.759,17.879,11.351,92.918,sat
3cff6c97a515aecfe46ba0f1256a3c11,4.254,0.471,2.062,3.442,1.729,5.041,3.042,23.917,2.398,2.084,3.086,3.082,3.094,2.352,8.081,sat
3e7dc7350195104b76b7d03ab5b0af8f,93.343,91.91,50.399,69.721,59.484,38.666,187.65,447.112,35.071,35.635,21.636,25.92,37.91,33.948,10000.0,sat
3f341c57c37d86350af5233b8e15e52e,683.471,10000.0,170.887,3220.125,10000.0,10000.0,2196.179,10000.0,10000.0,10000.0,10000.0,10000.0,10000.0,197.48,10000.0,sat
41c39c9a2d75ca50b603ea7c3d86106a,0.488,1.36,1.067,1.274,0.509,1.214,1.212,90.478,0.767,1.499,1.466,1.55,1.554,0.62,10000.0,sat
428da12ab8f5f68ae261e6468c2fef73,10000.0,10000.0,10000.0,10000.0,10000.0,10000.0,10000.0,10000.0,10000.0,10000.0,10000.0,10000.0,10000.0,10000.0,2.746,sat
44ad104c3b0c83b4cfc260583dee2397,14.172,4.441,13.88,14.699,15.882,13.582,9.565,194.446,15.888,20.469,16.499,11.637,15.801,10.101,122.017,sat
44b249f51321a2bf38f730534b781bec,0.063,0.164,0.568,0.586,0.063,1.046,1.046,3.042,0.241,1.114,1.114,1.114,1.13,0.295,0.65,sat
4fd2e4e6ecb4fe8d3f9e1fda81633469,0.529,1.468,0.949,1.275,0.526,1.232,1.265,119.592,0.844,1.489,1.498,1.578,1.579,0.642,10000.0,sat
4fe42891b004d7425631a8edb4252d3f,10000.0,10000.0,10000.0,10000.0,10000.0,10000.0,10000.0,10000.0,10000.0,10000.0,10000.0,10000.0,10000.0,153.864,10000.0,sat
578f9377bfbfcc6ea3a18eb630667956,0.119,0.076,0.566,0.677,0.077,1.038,1.038,2.02,0.188,1.069,1.067,1.071,1.079,0.23,0.951,sat
587150fb7b12a6b5dd7e4a9446b9713b,0.049,0.067,0.569,0.585,0.051,1.037,1.041,0.52,0.16,1.044,1.044,1.047,1.049,0.212,0.645,sat
5dc5185101e1d439d14f0a04acfa9bfb,10000.0,10000.0,10000.0,2992.254,10000.0,10000.0,10000.0,10000.0,10000.0,10000.0,10000.0,10000.0,10000.0,230.459,10000.0,sat
62c763bdf8d351b15df3a4d62a03eba0,2.114,6.497,5.164,20.39,2.544,6.558,1.629,1046.845,3.642,10.821,17.821,18.086,16.958,20.824,15.466,sat
63159b6b10c3d6832bd5944e05d78b11,32.09,10.825,42.6,22.293,6.756,2054.201,10000.0,36.075,344.808,1.074,1.073,1.075,1.095,291.8,0.754,sat
68649ac2830edad5d0dc7e3d13935132,29.462,8.031,40.901,29.39,43.916,3746.318,10000.0,33.422,45.565,1.075,1.075,1.075,1.099,1792.821,1.25,sat
6d67f76f114db9801952ed155e745e16,10000.0,10000.0,10000.0,311.76,10000.0,10000.0,10000.0,10000.0,10000.0,10000.0,10000.0,10000.0,2857.421,199.066,10000.0,sat
6e9cae5108bd423666c73aaace197769,3.096,3.909,3.765,6.472,3.21,7.172,243.19,77.611,0.625,7.27,1.262,7.334,12.335,577.527,10000.0,sat
70ce0cff914efdc48f2a8fe86b5c68c6,47.833,27.224,51.719,67.81,22.459,4396.416,10000.0,131.884,6.538,46.229,39.226,43.214,13.259,18.861,4.051,sat
71758ed7637888d4fd4593ec820677bc,12.745,2.449,7.158,12.984,4.344,156.057,3685.314,32.839,45.058,1.072,1.073,1.073,1.101,244.563,0.847,sat
71bca76153c6ee65b72a517fd658a42d,0.049,0.049,0.562,0.567,0.048,1.038,1.039,0.435,0.16,1.042,1.042,1.047,1.048,0.113,0.64,sat
71cf538aa0751d27f144de9c8d82e458,10000.0,10000.0,10000.0,10000.0,10000.0,10000.0,10000.0,10000.0,10000.0,10000.0,10000.0,10000.0,10000.0,10000.0,797.194,sat
73063c6257a4ffc29f5bea7028403a64,15.11,2.517,1.97,5.17,13.148,9.035,39.036,85.708,9.853,5.041,12.042,4.043,24.049,4.005,18.953,sat
74931e82fd208ed949fa44bccd80df6b,59.158,33.283,48.996,58.119,52.232,64.519,63.533,3347.702,52.416,2.274,2.242,2.209,3.146,51.67,2.432,sat
751402d0738e5622b599c651283cb48a,21.742,7.914,11.676,8.979,13.016,1111.127,10000.0,33.202,833.829,1.074,1.073,1.075,1.093,154.384,0.746,sat
78d23f235b63b1b7f08eb1b6cfb03f34,10000.0,10000.0,10000.0,3086.169,10000.0,10000.0,10000.0,10000.0,10000.0,10000.0,10000.0,10000.0,10000.0,96.718,10000.0,sat
79391ed5a7f19b947cefe7af1178146a,10000.0,10000.0,10000.0,10000.0,10000.0,10000.0,10000.0,10000.0,10000.0,10000.0,1476.189,10000.0,10000.0,60.348,10000.0,sat
7d58f2f0c79cbcad0496ced184ba0680,10000.0,10000.0,2127.695,4708.989,10000.0,10000.0,3951.32,10000.0,10000.0,10000.0,10000.0,4770.564,3643.542,10000.0,10000.0,sat
7dc81d3cb9066f8bc06ceffbca237572,10000.0,10000.0,10000.0,10000.0,10000.0,10000.0,10000.0,10000.0,10000.0,10000.0,10000.0,10000.0,10000.0,10000.0,377.898,sat
82fe0a5b2467d6e5299c315da8b16ec5,0.448,1.041,1.26,1.473,0.419,1.176,1.178,50.363,0.686,1.375,1.379,1.435,1.463,0.517,10000.0,sat
83cf6bfa7945b54e8c4ac659d1a4359e,13.363,29.615,25.371,20.19,15.377,17.577,6.571,208.133,15.647,17.562,16.56,19.846,18.832,17.055,225.899,sat
8403d03df1ce64af3bf7581449d320fb,0.769,0.968,0.86,1.171,0.628,1.203,1.308,124.983,0.702,1.301,1.303,1.439,2.385,0.459,10000.0,sat
8751f8d1570611ba079dfd862b14c514,12.417,28.924,20.475,15.482,18.317,17.592,17.591,187.902,14.737,13.595,20.512,17.885,18.877,16.045,247.822,sat
8ade10da9731ce31d103c1687ff40a3d,0.47,1.145,0.861,1.053,0.442,1.209,1.21,78.191,0.765,1.389,1.39,1.459,1.535,0.539,10000.0,sat
8bcd3f3e269fa3c9516667b626d61602,8.903,27.683,4.353,8.049,5.324,145.088,24.073,270.557,9.08,2.186,3.192,10.184,10.226,7.434,6.158,sat
8d31ec9edeac705ffd1b23f0cc4f3256,9.947,12.004,8.076,15.003,8.671,8.068,48.073,162.735,2.607,4.147,2.143,5.15,12.158,2.196,130.137,sat
909f704d5f4127c1197a086705468624,0.641,1.099,0.977,1.172,0.504,4.041,1.038,6.237,0.709,1.066,2.071,1.069,2.082,1.25,1.252,sat
911cbc796d15eb316d36c82c90fd7d11,0.143,0.24,0.666,0.777,0.143,1.043,1.046,3.426,0.197,1.066,1.066,1.067,1.092,0.234,1.057,sat
91b88d172a08e2a57c189bddff51bfd5,431.983,10000.0,10000.0,10000.0,10000.0,10000.0,10000.0,10000.0,10000.0,10000.0,10000.0,10000.0,10000.0,62.458,10000.0,sat
92387c29e87aa857e84feb301f3d6aff,0.532,1.045,1.868,1.385,1.386,6.041,4.04,9.774,0.306,1.064,1.067,1.065,1.077,0.343,3.048,sat
92c17c00d862668de6e6c45d4eecdc75,1.6,2.395,1.597,1.396,4.696,1.039,1.039,61.933,0.481,1.059,1.059,1.06,1.072,0.428,1146.143,sat
93a87994c03a7752f85d863239555d48,15.6,4.372,11.079,12.472,5.001,15.557,21.565,189.508,12.628,14.518,11.484,14.647,15.711,12.333,71.391,sat
945d67baeb7860df648ab6ef4782d5ed,1.038,4.131,1.374,2.367,1.336,9.037,5.035,103.833,15.384,6.053,3.052,9.056,8.061,17.638,11.147,sat
9631e4082abf03e560b889c5715d3979,16.516,20.304,18.774,16.274,5.924,18.671,27.671,251.395,23.007,21.687,15.693,19.986,22.047,18.848,199.383,sat
96ae6bde39369f75aa975b0f5b74c325,29.656,27.32,12.468,102.452,106.588,795.396,329.343,231.567,115.024,4.665,2.654,32.834,2.811,403.428,31.468,sat
96e01064ac3b644143278c21859e201f,3.701,0.719,3.67,1.371,3.134,4.169,1.17,180.815,149.766,3.262,6.257,1.321,11.335,136.968,10000.0,sat
98c6da979a0a22d384d465a1da17111e,10000.0,10000.0,10000.0,10000.0,10000.0,10000.0,10000.0,10000.0,10000.0,10000.0,10000.0,10000.0,10000.0,10000.0,10000.0,sat
9de6ddddf7fde06bf2efd955e2bd1a83,35.657,11.423,45.187,37.297,18.478,542.091,10000.0,36.523,130.43,1.074,1.074,1.074,1.094,458.847,0.749,sat
9e18c079efdc17ceade5c7a330b507d2,12.42,26.32,16.47,21.593,15.294,17.62,16.615,220.062,16.287,11.593,15.605,17.879,12.867,12.616,300.442,sat
9f3ef12b5b68f92eb9265721ea73bb03,41.871,22.757,6.463,58.717,53.995,221.342,65.345,65.866,174.68,6.648,24.656,5.827,8.812,467.096,39.083,sat
9fe43145e48a0ef0096bb72531f1a0e3,10000.0,10000.0,10000.0,697.833,3227.188,10000.0,10000.0,10000.0,10000.0,10000.0,10000.0,10000.0,10000.0,53.84,10000.0,sat
a09a2d7397732447bdcc9651973767b7,1565.344,10000.0,3577.478,1187.888,909.706,10000.0,330.082,225.835,101.73,297.167,454.18,762.218,95.182,469.002,3708.089,sat
a18b6fbdfee43c007e07dedf15477797,56.196,2.029,33.386,29.579,35.014,70.054,10000.0,37.594,2962.803,1.074,1.075,1.075,1.096,328.529,1.047,sat
a4941208671f6ebfd118e4e563538c31,17.346,16.219,22.786,23.285,36.966,372.076,4201.345,32.286,204.41,1.088,1.086,1.086,1.104,133.183,0.745,sat
a811388cc92def6ef2d639dc062d456c,13.887,8.529,21.984,3.847,27.671,128.066,180.068,194.851,69.994,31.104,24.105,37.109,2.108,23.781,343.189,sat
a83665715cf54e10f6d5382b97fd909c,10000.0,10000.0,10000.0,10000.0,10000.0,1658.7,10000.0,10000.0,10000.0,10000.0,10000.0,10000.0,10000.0,10000.0,10000.0,sat
a98d77ba9d3fbe8b7c55cbf75b2b43a8,10000.0,10000.0,10000.0,2417.478,10000.0,10000.0,10000.0,10000.0,10000.0,10000.0,10000.0,10000.0,10000.0,10000.0,10000.0,sat
accf33a84bdf211bebbd2111fb7f6b91,64.257,36.815,55.014,64.03,58.287,72.617,75.657,3843.427,58.254,2.355,2.383,2.32,3.347,54.458,2.656,sat
ae9522ea003ea9f75891b2d37a5e264b,0.076,1.84,0.559,0.663,0.072,1.058,1.052,10.13,0.298,1.163,1.16,1.149,1.206,0.293,66.977,sat
af3d5273605b21b9d4c56dd46cbf366a,29.582,1.971,38.399,21.019,10.972,726.102,10000.0,35.872,290.687,1.074,1.075,1.075,1.097,245.485,0.646,sat
b157aeb75aec9158fed9e16d7fd2da57,470.257,0.694,574.303,82.571,136.802,3.073,46.076,60.394,265.353,129.2,109.185,312.205,486.253,198.896,347.671,sat
b44611ea7852dd30215cc1cb09e1ab79,8.285,6.813,14.872,14.976,17.017,19.632,14.624,211.841,17.354,16.61,17.602,19.789,18.891,10.706,181.193,sat
b5cede38496a803dcfa155a5f4295c47,28.424,37.564,28.18,28.191,12.94,10.618,31.579,253.828,16.921,22.549,17.569,15.887,15.888,14.42,231.806,sat
bc3a8bd47c5575c2f1b31882d28ee091,10000.0,10000.0,10000.0,326.121,10000.0,10000.0,570.075,10000.0,10000.0,10000.0,10000.0,10000.0,10000.0,71.85,10000.0,sat
bca01a49805df3399a0438191019e417,31.336,34.226,16.979,26.304,43.07,2230.207,10000.0,38.055,1506.515,1.086,1.076,1.076,1.096,316.026,0.846,sat
bcd753d08904860fa93a794557185e04,56.667,225.731,74.92,89.73,23.303,79.646,42.632,347.19,34.508,45.611,32.629,25.909,26.877,23.797,10000.0,sat
bdc85226a8d910a8b7d6a8730c7a4572,12.558,26.949,10.081,27.49,23.003,12.868,22.868,302.987,20.671,33.211,36.21,37.522,21.684,16.07,220.792,sat
c0069efa0c924e416878d9426f1ef92e,46.948,4.936,28.282,17.788,54.247,1069.124,10000.0,32.053,868.562,1.073,1.074,1.073,1.091,435.642,0.813,sat
c115ebeec47bb82fa7f9850a632ec94a,0.535,1.092,4.331,1.77,0.879,1.229,1.258,98.45,0.785,1.357,3.351,2.437,1.434,0.508,10000.0,sat
c1324a6876269ee93890e266fe214557,165.843,11.509,46.299,43.303,20.026,10000.0,10000.0,33.87,251.832,2.077,2.078,2.078,2.099,885.224,0.846,sat
c1b5c3d1016de7baeb0ddb3a2ab2d891,54.312,74.82,15.075,18.293,17.013,10000.0,10000.0,32.7,761.875,1.077,1.076,1.077,1.094,134.274,0.847,sat
c9f7ca549a6773bea4628e2c66f597c6,0.548,1.129,1.166,1.474,0.549,1.175,1.211,120.893,0.628,1.299,1.298,1.362,4.364,11.999,10000.0,sat
caead0e04b6de4365822b25dfd55967f,640.555,2069.124,377.445,103.229,777.41,3240.377,442.189,10000.0,305.473,1778.636,126.452,1332.669,1737.729,2124.946,10000.0,sat
cbd0933002d6c4ea99ceb47bb0c3f4c9,10.515,12.62,11.479,7.873,13.43,9.069,171.102,114.263,33.402,15.169,34.175,20.164,5.184,23.44,41.784,sat
cd118ff851f95661b2a3adfc3e393c74,116.183,314.893,733.211,611.461,1185.318,21.044,174.055,611.351,29.32,27.064,3.062,44.07,11.078,49.479,10000.0,sat
cdd131110acc861a5a01fae6c4936c91,64.48,59.449,7.772,176.129,64.773,1328.425,367.387,1054.686,20.076,53.896,97.11,63.962,107.522,12.388,10000.0,sat
ce49f590c98885f7ac95567f2b1e7dd5,7.269,10.963,5.692,11.134,6.593,13.09,3.089,44.846,5.757,2.284,2.281,1.275,1.295,5.638,2.561,sat
cea96962ebd736646af54d950943d909,12.991,5.066,11.071,17.676,17.058,17.046,1794.184,33.207,118.816,1.072,1.074,1.073,1.092,10.16,0.632,sat
d0364ea3e1680c6da7e982e6b0264af6,0.052,0.209,0.567,0.58,0.047,1.036,1.036,2.274,0.095,1.06,1.061,1.06,1.072,0.135,535.992,sat
d0fe6bf914469ca51675bac9078a2c0b,11.041,41.14,123.241,126.767,24.608,14.32,435.362,54.144,36.371,14.655,35.656,19.816,7.831,209.671,54.983,sat
d1a62a8688c6c4fabd0dec3770ce40dd,0.423,0.59,0.949,1.084,0.978,2.04,1.039,16.572,0.486,1.078,1.077,1.077,1.097,0.236,4.957,sat
d3529338d35aa27e8024932d3b5f64b5,12.299,4.148,6.548,14.585,12.9,15.539,24.537,203.265,13.112,14.408,16.394,13.565,12.589,10.037,130.542,sat
d46c3fc9e953d4f84e8a18e52e29e7b7,10000.0,10000.0,10000.0,10000.0,10000.0,10000.0,10000.0,10000.0,10000.0,10000.0,10000.0,10000.0,10000.0,10000.0,10000.0,sat
d5efaaee0197822c2676e45bac5068b2,24.496,30.669,30.774,22.393,25.211,30.587,33.583,280.251,19.997,20.605,18.591,21.903,25.86,15.97,250.819,sat
d66ab8bce1b8979dbd26b3c220e817be,10000.0,10000.0,10000.0,487.415,10000.0,2450.61,1475.744,10000.0,3985.908,10000.0,3969.243,10000.0,10000.0,3057.65,10000.0,sat
d84a89fb1bc1ff37dc4737867257b290,36.56,1.276,31.788,83.553,122.34,4329.364,10000.0,37.641,10000.0,1.077,1.076,1.076,1.094,4399.253,1.071,sat
d89718e39ff99638c2882b47988120cd,0.486,1.549,0.961,1.271,0.454,1.209,1.209,125.149,0.775,1.427,1.424,1.488,1.492,0.566,10000.0,sat
d8f131a86243ef138af39abf52a479e5,15.368,22.566,23.88,42.703,17.474,25.629,19.597,224.946,16.516,25.583,22.59,21.903,22.962,19.258,1290.601,sat
ddd3b43476c18cf483aac233d4dc1c68,7.613,4.519,8.457,11.676,7.816,8.425,10.486,154.17,10.211,10.13,7.129,8.216,9.297,6.683,123.032,sat
deef4e5f8bf88393cea9589dff97d70c,10000.0,10000.0,10000.0,240.989,2712.254,10000.0,3234.355,10000.0,1240.736,2347.602,2792.664,2832.677,166.427,1549.641,10000.0,sat
df237594dc22b8f7cad2c4b38a23e40c,10000.0,10000.0,10000.0,86.736,10000.0,10000.0,10000.0,10000.0,10000.0,10000.0,397.095,10000.0,10000.0,102.964,10000.0,sat
e966bddd11e46b735f8520f8304e368e,14.514,26.232,17.376,25.488,13.803,20.584,23.588,258.109,22.522,16.603,25.585,16.98,22.933,18.083,294.552,sat
eca3692344e30ae83a49158b5baf3372,0.506,1.087,0.861,1.098,0.476,1.221,1.249,96.037,0.806,1.444,1.449,1.52,1.522,0.644,10000.0,sat
ed76b075cdf07435c6e4f6203dd10cb7,37.453,34.403,21.885,29.804,97.37,2366.224,1894.184,49.78,1541.157,1.076,1.078,1.079,1.101,79.33,0.755,sat
eec821f866557886a5b0352332943fa2,28.045,11.619,15.579,18.604,31.691,1013.126,10000.0,36.082,153.85,1.073,1.074,1.075,1.096,92.639,1.448,sat
eecdcc36d35f06224cc972cbb08de804,20.477,12.039,21.271,14.742,16.545,52.05,10000.0,31.303,92.423,1.083,1.084,1.084,1.1,90.961,0.71,sat
f02379d63678798e38dcc52b043cc51d,87.142,70.888,64.716,41.396,14.075,592.382,521.385,51.144,210.749,45.671,8.656,16.83,2.828,506.429,44.283,sat
f0895a5904fb97278b7b54733ee1dabb,0.433,0.927,1.051,1.562,0.441,1.205,1.207,103.912,0.75,1.345,2.35,2.417,1.418,0.498,10000.0,sat
f20c2aa0f9cced05a74031e0a3afaa1a,13.854,25.577,20.383,20.29,13.932,16.642,18.632,185.34,14.611,16.591,19.581,19.865,15.867,14.39,239.031,sat
f26f199564d6ffac7e700c2e66470ec0,2395.69,10000.0,2376.945,517.661,4369.675,10000.0,4751.367,10000.0,139.267,4909.553,4617.541,855.181,10000.0,10000.0,10000.0,sat
f35ed23733431177436a1e7797c07dfe,179.921,79.046,88.722,131.674,52.025,10000.0,10000.0,33.461,584.746,2.08,2.079,2.079,2.097,2556.299,0.947,sat
f448874997bae64bd455fb00309dc738,7.427,18.964,10.358,20.978,9.017,210.286,114.3,141.42,74.737,25.533,9.535,1.675,11.655,258.609,29.87,sat
f57aba96bfed8f8a8b860eba1a8f1ea5,660.945,10000.0,10000.0,10000.0,10000.0,10000.0,10000.0,10000.0,10000.0,10000.0,1758.296,10000.0,237.161,10000.0,10000.0,sat
f959755d7c68ea8b64d900e589fbe21f,16.402,11.358,9.643,26.156,13.045,24.215,13.22,2379.524,15.58,16.303,14.301,17.385,17.368,11.073,216.1,sat
fab0db1ab0dd5baa3215aab51ab69355,0.782,1.122,4.176,1.772,0.713,1.207,1.209,86.226,0.725,1.373,4.368,2.464,2.446,0.508,10000.0,sat
faeb113864d97ea4cb3f01f95d2fe92f,4.123,1.336,32.187,22.897,29.657,10000.0,10000.0,33.518,207.796,1.075,1.074,1.076,1.106,884.814,0.753,sat
fdc5aa7c150fd1c49ad3b50433277528,10000.0,10000.0,10000.0,10000.0,10000.0,10000.0,1492.122,10000.0,4670.897,10000.0,10000.0,10000.0,4263.243,10000.0,10000.0,sat
fdfcd52a21824b7181d66672f283ba04,0.433,0.545,0.666,0.787,0.394,1.059,1.089,295.938,0.27,1.115,1.115,1.116,1.135,0.279,3.25,sat
fee70cede2b5b55bfbdb6e48fbe7ce4f,27.295,141.705,16.582,29.283,32.648,182.132,43.138,219.265,9.471,5.328,21.326,19.358,29.38,19.87,69.198,sat
