hash,AMSAT_,BreakID-kissat-low.sh,CaDiCaL_vivinst,Cadical_ESA,Cadical_rel_1.5.3.Scavel,IsaSAT,Kissat_Inc_ESA,Kissat_MAB_Binary,Kissat_MAB_Conflict,Kissat_MAB_Conflict+,Kissat_MAB_DeepWalk+,Kissat_MAB_ESA,Kissat_MAB_Rephases,Kissat_MAB_prop,Kissat_MAB_prop-no_sym,Kissat_MAB_prop_pr-no_sym,MapleCaDiCaL_LBD-990_275,MapleCaDiCaL_LBD-990_500,MapleCaDiCaL_PPD-500_500,MapleCaDiCaL_PPD-950_950,MergeSat-bve_gates,MergeSat-bve_semgates,MergeSat-thread1,MiniSat+XorEngine,PReLearn-kissat-PReLearn-kissat.sh,PReLearn-kissat-PReLearn-tern-kissat.sh,ReEncode-kissat-ReEncode-pair-kissat.sh,SBVA-sbva_cadical,SBVA-sbva_kissat,SeqFROST,SeqFROST-ERE-All,SeqFROST-NoExtend,hKis-psids,hKis-sat_psids,hKis-unsat,hKissatInc-unsat,kissat-3.1.0,kissat-hywalk-exp,kissat-hywalk-exp-gb,kissat-hywalk-gb,kissat_incsp,tabularasat-1.0.0,vresult
00a981f385cd209d41e1efa1f5f29bac,9.48159,7.26599,7.7357,7.66768,10.3904,5.73586,6.67063,3.5857,3.55366,4.72682,4.99964,6.08348,5.02499,6.28587,4.64702,4.62724,9.91591,10.1682,11.438,5.77514,15.6617,8.67502,7.32721,107.762,104.693,307.736,7.71609,6.75744,9.00588,3.94628,3.93951,5.41724,3.3291,4.95554,3.38771,5.0953,3.66601,4.83113,3.72976,3.56513,6.13771,2.42039,sat
00b46ace235e3915a439c77a231a5657,4773.34,10000.0,10000.0,10000.0,10000.0,10000.0,10000.0,10000.0,10000.0,10000.0,10000.0,10000.0,10000.0,10000.0,10000.0,10000.0,10000.0,10000.0,10000.0,10000.0,10000.0,10000.0,10000.0,10000.0,10000.0,10000.0,10000.0,10000.0,10000.0,10000.0,10000.0,10000.0,10000.0,10000.0,10000.0,10000.0,10000.0,10000.0,10000.0,10000.0,10000.0,10000.0,sat
00bb0b4ef28ed38c49de4c54b9fabc4d,10000.0,10000.0,10000.0,10000.0,10000.0,10000.0,10000.0,10000.0,10000.0,10000.0,10000.0,10000.0,10000.0,10000.0,10000.0,10000.0,10000.0,10000.0,10000.0,10000.0,10000.0,10000.0,10000.0,10000.0,10000.0,10000.0,10000.0,10000.0,10000.0,10000.0,10000.0,10000.0,10000.0,10000.0,10000.0,10000.0,10000.0,10000.0,10000.0,10000.0,10000.0,10000.0,sat
00f4aca773e5675f35263dcd46b15bde,62.1947,16.347,378.184,370.669,696.554,925.457,147.037,228.758,199.828,54.0175,15.9731,229.129,54.7804,87.704,71.4933,72.1851,113.624,168.037,4.02324,119.254,154.108,274.168,155.393,82.8267,254.849,469.131,60.1702,54.6429,89.4148,27.2565,27.8748,27.6767,60.9569,238.529,619.266,368.002,340.279,35.7032,5.15419,4.15523,138.006,100.297,sat
0191a0bf3412ed407ba669f8d69081ee,25.1406,20.5446,51.5577,47.683,80.2928,104.422,14.3833,24.4168,8.64111,16.7715,24.2283,30.2858,17.1539,14.0673,13.4261,114.379,57.0517,68.3221,81.5508,56.6362,72.427,16.7248,27.3219,2317.92,123.776,323.854,26.1378,17.7206,15.3863,33.7442,20.8428,13.6726,456.56,188.588,24.6639,291.104,15.4902,26.5869,21.2686,22.2267,15.7984,20.9784,sat
028d0cc7af63e9bba5795f20e24db4f6,17.5165,24.2064,16.4797,5.53115,24.79,14.7181,13.1043,13.7457,20.3403,5.34851,14.0661,8.72155,14.0669,5.17801,5.17618,105.595,18.1303,41.9161,3.52098,3.66741,48.4271,60.9806,27.4762,122.325,102.688,305.547,4.21364,2.06472,5.97053,14.0725,14.0726,1.40326,8.65114,4.9611,9.60906,2.93598,2.74395,18.4651,7.43808,4.34978,13.526,5.5199,sat
0336f81b60baac5b8f481dd3c32861a5,122.271,868.261,10000.0,10000.0,387.163,2302.42,72.5108,110.909,24.0247,102.018,133.888,66.6963,24.2011,33.2823,33.9533,133.54,317.247,311.111,49.4369,4038.49,74.7503,477.276,77.2439,2034.44,773.972,654.552,609.688,138.777,131.975,72.9928,109.699,72.7018,4156.78,137.384,536.273,3173.96,137.765,93.313,438.468,258.771,23.5251,819.722,sat
037c423f56548082b1935e88c48ffdda,0.757852,0.089503,0.490271,0.490062,0.35285,1.6095,0.450787,0.411175,0.374785,0.375352,0.482534,0.48212,0.378462,0.993679,0.999288,3.87673,0.203169,0.240875,0.491563,0.370583,0.69711,0.078941,0.718902,0.228701,0.591159,300.558,0.352932,0.593673,0.636374,0.373496,0.374263,0.376302,0.79902,0.525419,0.311514,0.451102,0.582479,0.756121,0.853164,0.811037,0.310793,0.108658,sat
037d21e060a2e3eab8b080aa84ceee75,2.77166,3.78419,48.4467,11.2554,63.9981,5.07795,4.02034,5.99685,5.73648,3.41922,3.16589,4.30265,3.19874,1.79782,1.67232,103.048,0.708347,3.21724,3.48219,3.57822,2.78446,4.74603,2.64313,3.38828,113.761,301.656,14.6931,63.4206,60.6653,1.09392,1.11166,2.0782,71.4595,10.3022,0.539716,111.737,0.805918,4.12127,1.95154,3.80252,6.20216,1.80562,sat
03de316ba1e90305471a3b8620cb9cd7,0.018335,0.480403,0.011611,0.009172,0.039334,0.00936,0.005577,0.005477,0.006295,0.006279,0.006368,0.006151,0.00633,0.547558,0.217271,0.221855,0.010146,0.009594,0.010437,0.010301,0.02116,0.022359,0.021837,0.078629,41.6183,41.5385,0.113901,0.262856,0.287971,0.018282,0.017003,0.017034,0.005804,0.005856,0.007067,0.006226,0.006408,0.006438,0.005905,0.006475,0.006496,0.180611,sat
090eefb9bc472f6478e70baf2c6d2403,10000.0,10000.0,794.096,1380.7,1548.3,10000.0,10000.0,10000.0,10000.0,10000.0,10000.0,10000.0,10000.0,10000.0,10000.0,10000.0,2345.11,2406.47,1046.4,2303.32,10000.0,4765.68,10000.0,10000.0,10000.0,10000.0,10000.0,1826.64,10000.0,3203.22,4388.37,1478.86,10000.0,10000.0,10000.0,10000.0,10000.0,10000.0,10000.0,10000.0,10000.0,10000.0,sat
096ac97e4261eabca440fc7bc135d7c0,23.3303,131.502,209.75,290.391,236.788,10000.0,78.523,195.652,241.372,34.5928,170.035,106.03,34.594,87.0336,57.7025,57.5852,251.89,241.127,248.454,269.153,514.499,144.674,480.443,57.7248,143.024,319.761,68.9669,175.609,164.826,44.254,235.53,171.926,10000.0,10000.0,325.49,10000.0,231.626,421.226,80.0179,218.155,51.9715,118.224,sat
0a279c478775cdeede51ad431aebf200,10000.0,10000.0,10000.0,10000.0,10000.0,10000.0,10000.0,10000.0,10000.0,10000.0,10000.0,10000.0,10000.0,10000.0,10000.0,10000.0,10000.0,10000.0,10000.0,10000.0,10000.0,10000.0,10000.0,10000.0,10000.0,10000.0,10000.0,10000.0,10000.0,10000.0,10000.0,10000.0,10000.0,10000.0,10000.0,10000.0,10000.0,10000.0,10000.0,10000.0,10000.0,10000.0,sat
0c9da400944b002f90fd385d4fdab385,1.27285,80.6616,11.1739,11.1147,0.867942,121.846,61.6754,64.0205,59.7232,56.5673,59.5381,65.1868,60.361,75.7628,67.0188,66.5472,10.9015,10.915,10.9505,10.9412,187.621,185.631,184.212,149.964,164.579,364.532,68.102,214.282,253.27,60.2657,59.7058,59.6214,59.5028,110.648,53.6518,61.608,80.264,60.7254,57.5488,58.2776,53.7821,62.7867,sat
10196804504080e7107809a2e5b3bfcc,841.018,10000.0,2917.48,3205.97,2975.13,3704.36,1761.2,533.512,990.684,1161.57,192.991,62.7184,1123.21,10000.0,10000.0,10000.0,16.7137,3716.36,885.07,3974.6,298.264,859.63,608.37,10000.0,1560.32,1871.48,1638.55,39.7456,1157.51,400.976,2464.23,1013.46,10000.0,2020.69,9.02171,2556.78,360.495,3819.94,10000.0,519.563,189.201,960.456,sat
15c53f73c62a78c24bf5974e4a7afcd8,10000.0,10000.0,10000.0,10000.0,10000.0,10000.0,10000.0,10000.0,10000.0,10000.0,10000.0,10000.0,10000.0,10000.0,10000.0,10000.0,10000.0,10000.0,10000.0,10000.0,10000.0,10000.0,10000.0,10000.0,10000.0,10000.0,10000.0,10000.0,10000.0,10000.0,10000.0,10000.0,10000.0,10000.0,10000.0,10000.0,10000.0,10000.0,10000.0,10000.0,10000.0,10000.0,sat
177a4ad8fd76ad8240387998112c3168,71.3964,105.637,296.191,670.807,61.659,10000.0,325.406,147.088,179.843,121.306,375.226,101.206,122.483,87.4203,57.634,115.635,908.675,1096.05,261.27,268.26,187.143,71.6498,1756.23,130.005,290.863,325.012,192.159,538.173,28.226,88.6034,74.3792,345.272,10000.0,10000.0,99.5094,10000.0,52.8961,287.372,53.4829,57.8125,163.722,98.5275,sat
18babbd2835b8a37c6299f8b0301c7c9,52.9383,21.3338,4.60048,4.56444,4.81617,0.282012,391.617,6.42779,6.35365,75.2599,703.714,48.0419,75.719,2.81963,0.927536,1.17824,8.4035,120.293,7.09581,6.23569,63.0233,58.4203,282.539,10000.0,102.139,302.281,4.42715,35.7863,12.1635,3.04545,3.05446,3.08573,10000.0,0.169867,6.23878,1869.18,5.34458,5.60197,276.392,5.54821,1700.76,2.25385,sat
1932e1e8f0c78372759909e45a19ecc7,668.809,52.0098,78.2699,293.559,79.7386,10000.0,2309.48,238.781,645.914,401.541,10000.0,135.81,401.544,10000.0,2157.86,2153.41,78.011,110.071,25.5757,3.49054,1157.68,177.572,2373.09,10000.0,169.888,371.21,23.9678,45.5209,343.47,62.7161,62.7795,62.6113,10000.0,0.17031,49.9935,10000.0,16.9206,24.5679,230.393,164.319,2558.85,81.5352,sat
1a40d2d8c589799a0d267cae03fcd4c5,0.427759,60.0238,69.4601,69.3767,0.19614,10000.0,912.592,3606.24,802.993,3598.29,1817.68,3606.76,1835.57,1475.76,1474.72,623.401,24.6437,5.58436,78.9696,5.72267,71.3168,71.9902,71.5354,10000.0,155.451,355.704,81.231,88.9768,118.523,380.192,381.197,380.569,10000.0,10000.0,1206.8,10000.0,61.9273,164.924,164.826,4731.64,857.444,121.233,sat
1b02025658c2a23e1fd3ce0a9c3633cb,76.9669,251.124,443.052,459.555,557.004,10000.0,958.78,1851.31,10000.0,10000.0,1343.01,1219.95,10000.0,10000.0,10000.0,10000.0,245.036,545.725,557.657,566.54,147.511,350.774,283.795,10000.0,1549.26,10000.0,4634.49,561.49,250.076,83.2327,83.7424,83.8573,10000.0,1743.08,10000.0,10000.0,34.1923,207.296,3256.08,137.307,872.131,10000.0,sat
1b86f59ce4c43f19f0ad1238f8c362b4,56.8276,40.7578,39.7428,38.0338,38.8415,1843.96,93.1334,66.4133,53.0719,64.4386,56.984,45.1612,57.2369,72.2636,44.8472,44.9011,78.489,42.3636,41.8871,43.8871,89.7061,65.585,127.79,239.95,60.7197,60.2786,43.2564,98.3236,146.869,69.0968,80.3326,72.5898,251.364,421.807,46.3654,54.219,48.1462,82.9946,50.7792,50.0603,69.613,31.9315,sat
1d1af993697599892804df5878d58979,170.628,49.3187,33.4217,92.1761,36.0314,0.291832,84.5274,5.27361,5.16939,74.7047,10000.0,5.26687,76.1503,31.0894,0.620207,0.609422,10.3511,50.1144,42.6117,11.0695,67.7813,71.8253,66.3717,10000.0,102.097,302.108,5.5171,7.15039,3.91214,0.8506,0.876122,0.849271,10000.0,0.165431,0.618799,315.32,1.38458,4.78434,5.04948,5.00661,1818.53,2.31584,sat
1d42a7c3616ce163e292340cfcd34f97,10000.0,10000.0,4877.9,10000.0,10000.0,10000.0,10000.0,2764.1,10000.0,10000.0,10000.0,10000.0,10000.0,10000.0,10000.0,10000.0,10000.0,10000.0,10000.0,10000.0,10000.0,10000.0,10000.0,10000.0,10000.0,10000.0,10000.0,10000.0,10000.0,10000.0,10000.0,10000.0,10000.0,10000.0,10000.0,10000.0,10000.0,10000.0,10000.0,10000.0,10000.0,10000.0,sat
1eea3d913d346b900252d77fc0cb25c8,10000.0,10000.0,10000.0,10000.0,10000.0,10000.0,2804.56,2026.65,715.609,4193.58,3609.4,4265.83,4226.1,2332.87,2286.84,2851.12,3838.58,4741.46,10000.0,3659.82,10000.0,10000.0,10000.0,975.34,10000.0,10000.0,10000.0,10000.0,4918.68,10000.0,10000.0,10000.0,2138.44,4251.14,10000.0,821.807,10000.0,2195.95,3337.92,2251.38,10000.0,2770.72,sat
1f215812371f0c428eb1f1e51f9f23d7,10000.0,10000.0,10000.0,10000.0,4902.01,10000.0,10000.0,10000.0,10000.0,10000.0,10000.0,10000.0,10000.0,10000.0,10000.0,10000.0,10000.0,10000.0,10000.0,10000.0,10000.0,10000.0,10000.0,10000.0,10000.0,10000.0,10000.0,10000.0,10000.0,10000.0,10000.0,10000.0,10000.0,10000.0,10000.0,10000.0,10000.0,10000.0,10000.0,10000.0,10000.0,10000.0,sat
20be6aa61af15fd53b4c48eb3f2f3319,10000.0,10000.0,10000.0,10000.0,10000.0,10000.0,10000.0,10000.0,10000.0,10000.0,10000.0,10000.0,10000.0,10000.0,10000.0,10000.0,10000.0,10000.0,10000.0,10000.0,10000.0,10000.0,10000.0,10000.0,10000.0,10000.0,10000.0,10000.0,10000.0,10000.0,10000.0,10000.0,10000.0,10000.0,10000.0,10000.0,10000.0,10000.0,10000.0,10000.0,10000.0,10000.0,sat
220bb8aa093e502c47afcdac3140d67c,63.4392,11.6514,6.62206,6.62367,122.388,61.0259,26.376,42.0089,16.9405,17.175,9.65553,41.8024,17.3101,40.8987,35.6881,143.578,35.9213,2.50876,11.9588,16.6409,41.5132,52.7041,40.9589,14.0574,119.941,310.504,17.8769,9.98946,9.43757,61.5885,61.6092,61.4555,10.4765,4.39598,4.19947,22.7179,24.6921,7.649,5.13485,3.04895,24.8557,17.6128,sat
24b93d0bf941e4b050c9109e4cb7faf4,1.34958,5.09974,0.16975,0.16876,16.9821,0.097986,0.357667,0.634314,0.596138,0.595512,0.646577,0.729551,0.597332,1.87327,1.83944,3.74709,0.134319,0.558879,0.46609,0.546504,0.313298,0.60354,0.313207,0.462153,1.90471,300.274,0.211468,0.59029,1.77105,2.12045,2.12414,2.11601,0.008446,0.321268,0.697361,0.09214,0.577455,0.27365,0.587855,0.275537,0.668111,0.050706,sat
24bf910d2b9da558fb3e71a4dbe79ba3,40.2448,13.9317,21.442,18.1995,45.0029,17.8152,2.61553,26.0707,16.4107,9.49059,17.4718,11.3318,9.47642,26.3254,26.2011,105.663,7.92522,1.98347,2.19452,4.10521,25.6677,21.6297,1.37621,4.39788,22.4507,316.163,3.11191,5.03267,10.666,1.05108,1.05597,1.05504,20.0194,14.9532,2.14357,20.3817,7.67547,17.542,8.2181,3.5321,8.29606,10.8625,sat
2537f10a45d7ab430334dc1de6bfbdf0,84.7203,92.6617,217.873,223.235,293.963,10000.0,725.498,132.737,215.9,160.158,109.522,66.318,163.318,132.861,104.806,105.4,1571.7,283.755,350.125,122.737,912.277,189.135,278.282,4152.24,1008.61,339.127,50.5346,250.099,308.581,230.225,145.625,378.64,10000.0,10000.0,236.472,10000.0,158.598,145.683,118.026,223.502,71.6695,54.2581,sat
25b7a69d04a5029cf4ba2f483b5bec45,463.508,196.754,204.43,204.711,221.151,10000.0,1307.32,494.27,851.588,256.219,1053.27,312.73,854.249,10000.0,10000.0,10000.0,221.754,463.782,370.618,363.721,725.56,483.408,576.269,10000.0,760.697,2822.84,2685.53,343.109,2831.72,357.011,352.33,353.876,10000.0,10000.0,10000.0,10000.0,363.302,10000.0,1568.09,441.745,259.932,4165.07,sat
2722f39c27dc45a989bb52761ed52e50,10000.0,10000.0,10000.0,10000.0,10000.0,10000.0,10000.0,10000.0,10000.0,10000.0,10000.0,10000.0,10000.0,10000.0,10000.0,10000.0,10000.0,10000.0,10000.0,10000.0,10000.0,10000.0,10000.0,10000.0,10000.0,10000.0,10000.0,10000.0,10000.0,10000.0,10000.0,10000.0,10000.0,10000.0,10000.0,10000.0,10000.0,10000.0,10000.0,10000.0,10000.0,10000.0,sat
291c2b4fa2d8b009cd2a8331891ba667,53.1151,43.2856,41.1048,48.3498,42.6854,1736.31,43.6313,91.1547,43.8945,59.0376,45.5589,78.4284,90.3987,85.1858,54.8309,54.7535,34.3277,97.9411,103.756,93.2534,71.7629,68.7887,127.269,414.355,66.2532,65.992,85.3667,110.7,148.758,109.26,141.886,107.653,130.338,429.676,84.3901,90.1508,48.7261,56.6817,37.7713,37.527,86.6648,44.4279,sat
29bab0de14e56e526be9683131005cb2,22.8335,344.047,956.151,978.996,1383.13,1795.24,264.7,648.663,296.92,866.306,67.028,645.502,67.465,1012.48,1013.15,242.836,67.4853,1454.28,336.842,88.9649,131.232,392.354,863.81,2354.64,267.138,466.561,60.1901,335.188,235.816,140.903,140.641,140.842,1622.47,252.275,150.364,224.181,230.852,850.116,183.624,237.403,245.37,7.9704,sat
2b7e863462991fd008f9898eca63ebf4,124.72,1359.51,176.227,217.514,875.452,10000.0,84.97,66.8291,86.5931,169.395,165.289,280.314,175.904,76.911,47.0682,47.2513,310.283,934.312,124.705,270.036,266.686,173.438,498.604,1519.5,194.366,375.527,98.7059,156.261,41.7974,191.283,110.383,377.175,10000.0,10000.0,43.248,10000.0,78.2796,59.7807,172.46,88.0605,714.389,330.466,sat
2c9dc96b7a8b0410e64dd33f7e00a0c1,10000.0,10000.0,10000.0,10000.0,10000.0,10000.0,10000.0,10000.0,10000.0,10000.0,10000.0,10000.0,10000.0,10000.0,10000.0,10000.0,10000.0,10000.0,10000.0,10000.0,10000.0,10000.0,10000.0,10000.0,10000.0,10000.0,10000.0,10000.0,10000.0,10000.0,10000.0,10000.0,10000.0,10000.0,10000.0,10000.0,10000.0,10000.0,10000.0,10000.0,10000.0,10000.0,sat
2d0c041c0fe72dc32527bfbf34f63e61,1.28327,32.3666,473.72,509.315,1.17669,3002.87,206.039,4.76325,10.7335,222.177,199.506,271.453,223.622,75.6363,76.2885,76.063,165.564,1873.4,498.926,41.3606,10000.0,4521.43,10000.0,841.663,33.3725,333.417,14.985,490.061,8.46215,45.3403,45.1857,45.027,4.94856,3.07243,75.8054,56.8554,28.7347,6.13144,1.24348,2.9909,22.5287,220.439,sat
323223c497a22051f5a3ef508ccbaa7c,57.8694,375.446,224.259,62.4198,853.131,10000.0,56.2013,68.3114,132.289,79.7573,322.886,140.129,79.7512,130.314,103.678,103.062,264.302,382.443,1363.98,85.9398,151.927,10000.0,150.4,26.663,126.526,365.337,44.3131,751.805,27.9468,207.701,260.191,144.246,10000.0,10000.0,106.151,10000.0,75.5463,250.026,227.342,381.103,52.0562,78.0617,sat
328da7966b09b2f6e99c93c4e877fbff,10000.0,3507.52,10000.0,10000.0,10000.0,10000.0,10000.0,10000.0,10000.0,10000.0,10000.0,10000.0,10000.0,10000.0,10000.0,10000.0,10000.0,10000.0,10000.0,10000.0,10000.0,10000.0,10000.0,10000.0,10000.0,10000.0,10000.0,10000.0,10000.0,10000.0,10000.0,10000.0,10000.0,10000.0,10000.0,10000.0,10000.0,10000.0,10000.0,10000.0,10000.0,10000.0,sat
339b1cfda231aaca601cd6339c07ca2c,10000.0,10000.0,4379.77,3694.58,10000.0,10000.0,10000.0,10000.0,10000.0,10000.0,10000.0,10000.0,10000.0,10000.0,10000.0,10000.0,10000.0,10000.0,10000.0,10000.0,10000.0,10000.0,10000.0,10000.0,10000.0,10000.0,10000.0,10000.0,10000.0,10000.0,10000.0,10000.0,10000.0,10000.0,10000.0,10000.0,10000.0,10000.0,10000.0,10000.0,10000.0,10000.0,sat
33bcf82677b7fdacf18dd48892596a1d,222.861,164.6,140.957,153.615,147.301,10000.0,144.874,344.772,670.019,495.564,241.045,168.022,695.773,166.248,134.08,135.06,338.391,507.488,454.51,352.392,255.11,247.624,247.197,10000.0,480.521,463.183,174.718,138.89,109.549,574.745,425.642,463.404,10000.0,10000.0,10000.0,10000.0,122.077,664.609,403.987,335.665,115.801,45.7345,sat
33cfa309d10e1d4fe30f1302807f42ce,44.4638,84.5425,778.246,735.578,84.6883,10000.0,441.97,191.332,108.696,170.241,165.654,84.7067,172.096,77.3496,47.2921,47.3738,114.47,1129.78,338.886,954.109,143.234,507.732,173.907,10000.0,191.832,428.346,31.986,187.019,214.428,41.3683,252.929,63.2635,10000.0,10000.0,99.6748,10000.0,50.6743,56.556,38.5378,516.206,137.398,103.395,sat
358fa8d20aa467c7e9b9bf34f73d1dc9,12.2178,7.48464,6.0563,6.03694,6.42723,40.414,7.00895,7.63495,7.33373,7.31837,34.5351,7.58786,34.4488,39.9184,9.467,9.37312,7.38916,7.63515,9.17237,7.17523,19.015,23.7621,29.1153,29.8527,5.72771,5.71733,17.333,20.9148,15.1896,12.9995,12.4592,12.7907,1326.21,18.5677,6.72366,6.43615,6.68869,6.34369,31.2681,30.245,6.73214,6.8887,sat
35b19a3332597c1e5a3668f75ca72971,141.472,59.1896,72.008,634.04,221.514,10000.0,109.686,177.208,79.9287,58.0462,300.894,62.9321,58.1904,127.961,98.0104,99.1316,399.46,268.62,277.017,100.945,1209.48,109.926,405.57,2406.46,154.183,1527.9,353.514,309.759,89.0977,79.3869,78.6694,115.528,10000.0,10000.0,159.621,10000.0,54.4994,262.172,222.89,109.233,126.363,254.459,sat
36c342091848d5d6a1a8eeb3a8b49b86,0.011518,0.031513,0.006778,0.006187,0.081975,0.007109,0.00409,0.00417,0.005026,0.005073,0.005054,0.004516,0.005061,1.05687,0.967121,0.96263,0.007446,0.007546,0.006871,0.006748,0.016999,0.017841,0.015731,0.030962,4.34551,54.9093,0.089546,0.116232,0.116789,0.014754,0.014715,0.014759,0.005128,0.004735,0.008361,0.00523,0.004605,0.005375,0.004594,0.004575,0.005125,0.024941,sat
3728fe50d8038c639c2d9c84e04fe2b1,146.924,467.542,27.5744,27.6441,296.839,92.9502,365.964,314.302,443.517,322.91,188.533,431.239,427.728,298.509,312.42,262.2,252.122,170.926,230.167,285.973,488.555,552.206,834.516,492.232,148.8,445.822,94.3404,216.283,139.314,225.111,227.778,225.988,528.235,256.895,333.342,568.605,478.549,192.99,394.21,237.296,318.584,539.628,sat
38833d6a1ff6a56ef22bd2dc1e3fdde7,10000.0,3187.77,10000.0,10000.0,10000.0,10000.0,10000.0,10000.0,10000.0,10000.0,10000.0,10000.0,10000.0,10000.0,10000.0,10000.0,10000.0,10000.0,10000.0,10000.0,10000.0,10000.0,10000.0,10000.0,3836.75,4013.23,10000.0,10000.0,269.169,10000.0,10000.0,10000.0,10000.0,10000.0,10000.0,10000.0,4328.9,2003.25,10000.0,10000.0,10000.0,3845.58,sat
396245861b331d45e1345bd43fe352e2,1379.46,452.454,520.712,674.37,567.351,10000.0,212.465,1837.38,646.792,1320.78,4430.77,1495.13,648.609,10000.0,10000.0,10000.0,508.724,530.913,691.026,494.369,735.96,804.126,471.712,10000.0,3664.67,3542.21,2033.15,313.672,10000.0,201.497,202.001,202.385,10000.0,839.201,10000.0,10000.0,374.963,10000.0,10000.0,772.745,539.483,10000.0,sat
3a7a64e1d6cf5ce969b2b05b5464f707,46.9714,78.2256,76.5834,77.3544,80.1321,1593.86,56.4928,73.4955,53.7242,57.1476,56.9359,40.9347,57.6945,94.986,66.261,66.0285,51.8837,94.0589,10.5679,43.1587,59.597,65.113,64.4158,192.925,49.2343,48.8738,100.278,73.245,107.792,90.6602,98.1575,46.326,355.162,280.123,66.3599,54.1633,46.7968,36.8868,64.7432,52.7284,35.7769,60.1238,sat
3cff6c97a515aecfe46ba0f1256a3c11,77.2532,27.6305,9.65092,25.5218,26.1052,54.5059,14.7422,33.57,33.5804,8.77129,27.7437,13.0397,28.0433,40.4784,35.2308,117.289,29.2883,27.9239,39.1963,28.6119,53.2649,69.0502,71.9293,28.0122,113.497,329.823,28.9476,11.4287,13.1705,45.8764,45.7843,46.0547,39.7174,61.4072,34.8439,9.08628,21.487,26.7885,107.75,13.7763,23.2329,20.2918,sat
3e7dc7350195104b76b7d03ab5b0af8f,143.009,10000.0,201.197,257.922,10000.0,10000.0,2326.75,222.402,244.445,1478.89,1089.08,2042.89,1484.62,2459.86,2441.3,2395.94,862.464,10000.0,1419.92,10000.0,10000.0,10000.0,10000.0,10000.0,10000.0,402.587,216.645,296.496,10000.0,265.198,222.75,357.978,10000.0,10000.0,1397.43,10000.0,361.777,172.504,10000.0,187.012,358.713,2084.07,sat
3f341c57c37d86350af5233b8e15e52e,10000.0,10000.0,10000.0,10000.0,10000.0,10000.0,10000.0,10000.0,10000.0,10000.0,10000.0,10000.0,10000.0,10000.0,10000.0,10000.0,10000.0,10000.0,10000.0,10000.0,10000.0,10000.0,10000.0,10000.0,10000.0,10000.0,10000.0,10000.0,10000.0,10000.0,10000.0,10000.0,10000.0,10000.0,10000.0,10000.0,10000.0,10000.0,10000.0,10000.0,10000.0,10000.0,sat
41c39c9a2d75ca50b603ea7c3d86106a,27.6586,39.0678,4.35375,4.39335,9.23479,0.266519,44.2891,8.1295,7.89723,146.665,136.546,8.03943,145.852,31.0125,0.576725,0.574917,7.52465,10.072,8.8477,45.8814,67.14,106.341,100.027,10000.0,101.633,301.571,4.3466,6.97598,3.53546,0.781646,0.783127,0.781184,10000.0,0.151289,38.4633,0.413732,1.12444,20.2329,5.44455,5.17348,2050.29,1.9885,sat
44ad104c3b0c83b4cfc260583dee2397,54.7312,49.7003,37.6107,39.6446,41.1228,1310.27,21.2636,51.3985,53.3096,63.0457,55.2168,50.6862,55.1243,88.4375,62.2158,61.8019,12.3211,43.6664,41.8338,43.0229,77.0152,32.4226,61.3152,144.427,53.3089,53.8657,64.4726,68.0508,57.8363,79.7287,79.5741,79.7932,230.908,193.522,77.9448,65.4037,25.0103,63.3964,62.3015,48.9848,42.6329,31.3059,sat
44b249f51321a2bf38f730534b781bec,0.168061,1.31488,0.054442,0.051919,0.057752,0.04319,0.042557,0.041905,0.042778,0.042799,0.043137,0.042094,0.042999,1.11259,0.351197,100.954,0.052068,0.052207,0.051978,0.052192,0.172809,0.204962,0.191658,0.362008,99.8814,298.939,0.82148,0.746432,0.729315,0.172139,0.173465,0.172873,0.042356,0.029583,0.039358,0.0415,0.024919,0.041979,0.041553,0.042372,0.044817,0.407029,sat
4fd2e4e6ecb4fe8d3f9e1fda81633469,190.55,22.661,31.9511,33.366,32.8673,0.299122,373.179,197.26,51.6011,227.255,1.06254,6.04729,223.949,3.1473,0.609133,0.602514,53.4681,7.24173,49.7104,47.9042,62.3187,71.0241,131.762,10000.0,101.305,301.223,15.5556,9.88468,14.2912,3.28783,3.30489,3.37888,10000.0,0.171959,20.8686,617.29,10.6014,7.46801,4.60532,4.73202,602.469,2.23054,sat
4fe42891b004d7425631a8edb4252d3f,10000.0,10000.0,10000.0,10000.0,10000.0,10000.0,10000.0,10000.0,10000.0,10000.0,10000.0,10000.0,10000.0,10000.0,10000.0,10000.0,10000.0,10000.0,10000.0,10000.0,10000.0,10000.0,10000.0,10000.0,10000.0,10000.0,10000.0,10000.0,10000.0,10000.0,10000.0,10000.0,10000.0,10000.0,10000.0,10000.0,10000.0,10000.0,10000.0,10000.0,10000.0,10000.0,sat
578f9377bfbfcc6ea3a18eb630667956,1.15219,0.970704,0.483884,0.650155,37.9491,0.697381,0.123937,0.130044,0.126614,0.12783,0.121381,0.129206,0.122917,1.32884,0.556559,100.937,0.418444,0.406968,0.36725,0.447162,0.306217,0.960595,0.284188,0.394358,100.32,300.533,0.66734,0.688446,0.553233,0.20434,0.202674,0.202666,0.457889,1.03706,0.46136,0.385147,0.099052,0.123777,0.303587,0.30838,0.122775,0.622702,sat
587150fb7b12a6b5dd7e4a9446b9713b,0.559147,0.119128,0.029955,0.028238,28.5844,0.039023,0.022221,0.021492,0.023284,0.022732,0.022776,0.021728,0.022974,32.918,31.1309,31.1517,0.031999,0.024253,0.03153,0.030257,0.042176,0.043921,0.042573,0.113737,99.8942,300.096,0.184977,0.936849,0.935243,0.061405,0.061372,0.062345,0.018578,0.026598,0.054417,0.022477,0.021208,0.022587,0.021584,0.021396,0.023144,0.051209,sat
5dc5185101e1d439d14f0a04acfa9bfb,10000.0,10000.0,10000.0,10000.0,10000.0,10000.0,10000.0,10000.0,10000.0,10000.0,10000.0,10000.0,10000.0,10000.0,10000.0,10000.0,10000.0,10000.0,10000.0,10000.0,10000.0,10000.0,10000.0,10000.0,10000.0,10000.0,10000.0,10000.0,10000.0,10000.0,10000.0,10000.0,10000.0,10000.0,10000.0,10000.0,10000.0,10000.0,10000.0,10000.0,10000.0,10000.0,sat
62c763bdf8d351b15df3a4d62a03eba0,10000.0,23.4889,0.774787,0.698667,0.74457,10000.0,1367.49,345.606,392.124,264.935,137.714,81.6191,137.704,3.01799,1.33351,1.33934,0.697862,0.698285,0.692451,0.700744,10000.0,10000.0,3144.95,10000.0,440.426,651.647,120.699,21.1249,10000.0,10000.0,10000.0,1074.12,10000.0,10000.0,2014.54,2741.86,92.7242,732.037,1711.34,16.4942,10000.0,23.5777,sat
63159b6b10c3d6832bd5944e05d78b11,0.613262,124.942,46.7311,45.4733,0.343171,10000.0,410.886,10000.0,2045.69,4186.61,2118.67,10000.0,2067.72,2682.28,2688.31,10000.0,49.2913,6.06946,264.402,6.21199,77.2007,75.4894,76.8813,10000.0,136.079,336.145,30.1819,152.726,138.523,1081.56,1087.66,1085.42,10000.0,10000.0,10000.0,10000.0,62.0057,2568.54,2571.48,2028.76,392.714,200.933,sat
68649ac2830edad5d0dc7e3d13935132,19.411,136.09,68.6473,69.2266,0.450494,10000.0,10000.0,10000.0,4205.49,10000.0,1608.54,10000.0,1611.03,4765.93,4761.24,10000.0,69.1624,91.3492,91.3933,135.023,77.7507,74.0538,78.1434,10000.0,176.49,376.763,82.3425,227.414,109.689,10000.0,10000.0,10000.0,10000.0,10000.0,10000.0,10000.0,179.574,10000.0,10000.0,2712.08,10000.0,627.496,sat
6d67f76f114db9801952ed155e745e16,10000.0,10000.0,10000.0,10000.0,10000.0,10000.0,10000.0,10000.0,10000.0,10000.0,10000.0,10000.0,10000.0,10000.0,10000.0,10000.0,10000.0,10000.0,10000.0,10000.0,10000.0,10000.0,10000.0,10000.0,10000.0,10000.0,10000.0,10000.0,10000.0,10000.0,10000.0,10000.0,10000.0,10000.0,10000.0,10000.0,10000.0,10000.0,10000.0,10000.0,10000.0,10000.0,sat
6e9cae5108bd423666c73aaace197769,2090.42,277.212,82.1845,219.326,102.264,10000.0,1093.19,231.534,324.947,7.46559,10000.0,310.737,7.48634,2586.71,627.447,613.084,264.24,20.4993,317.663,287.536,1371.1,219.013,195.612,10000.0,325.849,524.846,283.784,362.577,128.079,231.782,231.429,232.792,10000.0,10000.0,33.3354,10000.0,32.1843,89.7273,122.474,1490.66,822.608,33.7307,sat
70ce0cff914efdc48f2a8fe86b5c68c6,1119.0,10000.0,4039.98,4008.66,1282.21,10000.0,1954.81,10000.0,92.11,1219.74,545.328,10000.0,10000.0,10000.0,46.5187,46.4417,1030.04,10000.0,382.694,1500.03,10000.0,4539.87,10000.0,10000.0,382.137,584.774,450.355,423.44,788.82,351.019,349.674,343.353,10000.0,10000.0,10000.0,10000.0,578.469,10000.0,10000.0,10000.0,1312.7,186.732,sat
71758ed7637888d4fd4593ec820677bc,0.41501,49.3362,5.62028,5.62786,0.157382,10000.0,3670.47,1723.31,1404.3,962.365,714.332,1708.55,725.605,532.022,511.113,1177.23,90.2,24.6967,67.8468,1.66681,71.6819,71.576,71.7804,10000.0,149.486,350.471,69.8503,75.6133,118.692,1106.91,1094.57,1104.55,10000.0,10000.0,1727.08,10000.0,64.2964,1209.1,1204.23,1228.76,3463.09,17.2373,sat
71bca76153c6ee65b72a517fd658a42d,0.132709,0.100378,0.016833,0.015444,0.018277,0.018849,0.011912,0.011206,0.012403,0.012175,0.012154,0.011737,0.012323,80.9638,49.6217,49.7831,0.016673,0.017276,0.017275,0.017369,0.033998,0.034537,0.032855,0.084348,99.8976,300.174,0.167937,0.623959,0.641298,0.062051,0.060433,0.037852,0.012196,0.012592,0.047541,0.012577,0.014331,0.012252,0.012156,0.011563,10000.0,0.05193,sat
73063c6257a4ffc29f5bea7028403a64,820.66,244.111,194.905,197.971,180.43,128.868,245.214,20.7369,100.225,4.10035,77.6403,20.6338,77.9988,457.675,125.421,125.434,483.355,51.5864,263.192,550.755,1828.95,523.65,1831.97,974.618,194.363,225.611,282.308,159.715,345.361,134.567,134.882,134.375,168.504,29.1835,277.228,364.238,353.226,243.947,101.628,134.671,214.184,710.532,sat
74931e82fd208ed949fa44bccd80df6b,2.06231,114.851,15.0962,15.4749,1.35959,192.693,107.24,117.369,100.675,95.7126,98.3653,116.905,100.416,117.365,95.2101,101.24,14.6273,14.7252,14.3785,14.5928,310.007,309.243,299.558,217.74,212.353,410.702,108.723,216.886,295.074,100.023,101.726,99.8809,106.709,98.271,95.5937,106.912,108.544,101.798,99.8227,103.29,99.2626,116.887,sat
751402d0738e5622b599c651283cb48a,0.57851,195.634,90.4725,90.7437,2.27171,10000.0,10000.0,2184.99,4511.61,4612.43,605.08,2183.13,612.144,10000.0,10000.0,1081.85,110.928,68.7975,107.671,35.9889,75.0409,74.6903,75.3701,10000.0,311.567,512.149,149.147,187.195,144.059,1397.25,1367.13,1392.38,10000.0,10000.0,10000.0,10000.0,52.8575,521.116,518.992,1781.4,10000.0,89.1909,sat
78d23f235b63b1b7f08eb1b6cfb03f34,10000.0,10000.0,10000.0,10000.0,10000.0,10000.0,10000.0,10000.0,10000.0,10000.0,10000.0,10000.0,10000.0,10000.0,10000.0,10000.0,10000.0,10000.0,10000.0,10000.0,10000.0,10000.0,10000.0,10000.0,10000.0,10000.0,10000.0,10000.0,10000.0,10000.0,10000.0,10000.0,10000.0,10000.0,10000.0,10000.0,10000.0,10000.0,10000.0,10000.0,10000.0,10000.0,sat
79391ed5a7f19b947cefe7af1178146a,10000.0,10000.0,10000.0,10000.0,10000.0,10000.0,10000.0,10000.0,10000.0,10000.0,10000.0,10000.0,10000.0,10000.0,10000.0,10000.0,10000.0,10000.0,10000.0,10000.0,10000.0,10000.0,10000.0,10000.0,10000.0,10000.0,10000.0,10000.0,10000.0,10000.0,10000.0,10000.0,10000.0,10000.0,10000.0,10000.0,10000.0,10000.0,10000.0,10000.0,10000.0,10000.0,sat
7d58f2f0c79cbcad0496ced184ba0680,10000.0,10000.0,10000.0,10000.0,10000.0,10000.0,10000.0,10000.0,10000.0,10000.0,10000.0,10000.0,10000.0,10000.0,10000.0,10000.0,10000.0,10000.0,10000.0,10000.0,10000.0,10000.0,10000.0,10000.0,10000.0,10000.0,3296.76,10000.0,10000.0,10000.0,10000.0,10000.0,10000.0,10000.0,10000.0,10000.0,10000.0,10000.0,10000.0,10000.0,10000.0,10000.0,sat
82fe0a5b2467d6e5299c315da8b16ec5,153.272,16.4316,27.0645,109.134,28.2687,0.218735,10000.0,165.486,121.871,114.271,3545.21,8.74292,114.033,1.77808,0.481852,0.484277,104.387,35.3739,5.50078,49.8481,2006.82,10000.0,507.578,10000.0,111.07,311.454,11.0892,104.223,50.5855,47.499,47.8419,47.5452,10000.0,0.132636,14.5464,10000.0,1.41242,231.744,237.376,129.334,555.553,30.9428,sat
83cf6bfa7945b54e8c4ac659d1a4359e,49.4211,28.0165,189.179,65.5158,60.9766,10000.0,47.0977,65.9479,222.971,116.427,90.8286,68.1259,117.997,84.6511,54.8604,55.0356,105.512,96.6399,235.448,82.5203,101.597,73.4256,107.296,200.137,129.076,4086.6,40.4732,607.408,28.42,61.8388,60.6684,80.7885,10000.0,10000.0,45.6653,10000.0,50.5198,119.19,99.6538,67.2709,53.2496,16.589,sat
8403d03df1ce64af3bf7581449d320fb,8.80066,24.5596,2.79862,2.79427,3.06156,0.244648,16.4704,242.327,31.8756,146.264,813.096,3.37904,144.712,485.418,0.49166,0.492473,84.5514,3.41268,4.98758,101.941,10000.0,75.5418,736.428,10000.0,108.49,309.71,4.83503,4.54293,11.9083,8.67728,8.83207,8.88088,10000.0,0.156086,12.3459,10000.0,1.2435,52.6113,133.265,36.7041,1460.68,8.72837,sat
8751f8d1570611ba079dfd862b14c514,30.5649,28.1109,37.3644,37.6092,206.347,10000.0,67.1504,102.857,136.447,45.2119,55.4629,143.914,45.2452,109.494,80.2339,80.1838,87.8689,259.338,95.5401,266.366,129.141,94.3934,54.1852,431.797,144.791,370.038,598.109,92.3522,32.3341,135.038,116.684,58.4372,10000.0,10000.0,221.144,10000.0,51.0386,125.375,49.7424,100.685,83.327,22.6815,sat
8ade10da9731ce31d103c1687ff40a3d,10.0763,19.2425,6.59384,3.36631,3.49673,0.25344,10000.0,162.955,75.4878,112.222,195.352,4.4033,113.633,2.53287,1.00705,0.524709,37.8556,38.9943,7.1184,37.8988,90.8408,110.591,54.809,10000.0,107.758,308.324,5.28087,55.8916,4.08929,2.481,2.45381,2.44385,10000.0,0.159625,4.18406,10000.0,9.69468,4.29695,36.3666,114.087,2552.84,2.72271,sat
8bcd3f3e269fa3c9516667b626d61602,39.6388,10000.0,87.9189,88.1461,89.4921,10000.0,984.79,607.255,1092.28,3204.89,407.545,377.363,1192.16,213.779,234.901,235.896,447.87,739.686,460.155,102.657,488.835,924.602,485.962,3854.44,134.928,358.196,61.6719,365.785,33.2561,47.2659,47.4096,47.6849,10000.0,10000.0,10000.0,10000.0,11.7863,1369.64,880.767,10000.0,52.6001,190.104,sat
8d31ec9edeac705ffd1b23f0cc4f3256,463.898,46.7472,124.538,112.566,109.028,10000.0,455.392,83.8633,952.291,266.848,319.119,911.414,935.304,60.5595,62.2338,184.457,108.887,18.7091,94.2273,83.1528,383.247,1029.3,870.967,36.5429,331.969,346.053,82.6169,171.369,79.5824,274.221,274.415,344.201,10000.0,159.507,466.6,10000.0,160.733,1048.64,747.338,38.586,21.7288,199.06,sat
909f704d5f4127c1197a086705468624,11.0265,6.75633,2.34546,9.97343,48.9347,20.9226,7.4134,12.768,14.3062,29.8662,33.2771,12.7537,34.0493,22.8824,22.3279,111.664,26.1354,20.4899,7.51094,23.9765,33.0488,17.0049,33.0596,7.64924,105.45,305.663,5.47657,41.5257,5.44678,0.295109,0.288828,0.297554,30.3788,34.3511,7.01899,8.10202,9.54095,26.34,12.999,2.93147,7.0542,1.78938,sat
911cbc796d15eb316d36c82c90fd7d11,0.180055,0.768548,0.069227,0.066612,1.26894,0.815928,0.183541,0.111933,0.112313,0.111948,0.108445,0.11207,0.10936,0.884563,1.04568,101.308,0.113734,0.089014,0.524575,0.193125,0.400149,0.344182,0.480711,1.07582,80.9,299.552,0.533597,1.00313,0.75305,0.408458,0.408885,0.206712,0.762365,0.148416,0.121832,0.263747,0.230606,0.107383,0.099333,0.098349,0.167442,0.353953,sat
91b88d172a08e2a57c189bddff51bfd5,10000.0,10000.0,10000.0,10000.0,10000.0,10000.0,10000.0,10000.0,10000.0,10000.0,10000.0,10000.0,10000.0,10000.0,10000.0,10000.0,10000.0,10000.0,10000.0,10000.0,10000.0,10000.0,10000.0,10000.0,10000.0,10000.0,10000.0,10000.0,10000.0,10000.0,10000.0,10000.0,10000.0,10000.0,10000.0,10000.0,10000.0,10000.0,10000.0,10000.0,10000.0,10000.0,sat
92387c29e87aa857e84feb301f3d6aff,69.1915,18.5868,14.2254,42.6363,110.592,36.1649,12.2877,19.7845,40.4484,27.538,58.4868,19.7571,59.4034,5.83066,5.07876,123.799,2.13432,31.1774,12.4846,10.7683,81.1572,14.5466,79.9749,90.2137,144.412,344.44,27.7302,19.8616,8.28671,1.91133,1.83709,1.90856,2.85608,66.8106,19.6533,15.0181,2.31255,10.4452,12.3166,66.0863,11.6292,29.4657,sat
92c17c00d862668de6e6c45d4eecdc75,3.57065,53.1075,8.25842,9.08223,39.525,10000.0,11.9716,1.11875,1.08484,43.8303,19.0186,1.12076,1.09193,10.9553,10.9625,144.513,12.1835,14.0135,6.68936,26.8568,258.169,246.205,249.181,10000.0,51.723,318.699,49.9769,4.71425,19.1526,3.37488,3.38425,2.2862,40.0649,18.4731,3.08459,162.345,2.57207,2.42743,3.8581,1.87723,8.44089,3.37017,sat
93a87994c03a7752f85d863239555d48,61.8157,53.8234,35.1844,40.5782,38.0629,1570.88,54.3752,37.8676,41.6305,40.2699,56.5549,54.749,57.0338,53.7127,28.7657,28.6266,42.4762,42.7407,12.7027,84.519,55.9454,36.531,102.145,155.665,153.712,353.289,69.6304,63.6137,83.7428,73.7883,95.4236,48.9596,166.463,369.809,40.445,55.7256,25.5587,52.0565,45.4696,39.6016,46.9472,28.4824,sat
945d67baeb7860df648ab6ef4782d5ed,105.9,166.694,555.477,66.7511,465.698,858.103,537.669,5.0078,4.7123,1093.73,11.9011,5.00881,11.9952,1118.94,1125.63,1316.27,64.8391,75.2941,58.7207,67.567,129.71,136.556,1241.92,10000.0,860.498,1077.14,336.465,642.323,679.575,1063.96,1088.15,1068.13,538.489,401.423,31.3929,1858.6,930.982,582.163,154.594,242.275,20.1697,598.092,sat
9631e4082abf03e560b889c5715d3979,52.6831,80.5546,41.3052,43.5877,46.0663,2505.23,61.1918,69.41,61.7845,93.1094,79.7578,78.3489,79.0978,93.9294,63.7303,63.5369,90.8043,94.9637,93.6815,94.227,112.545,68.1434,71.5131,294.318,98.5475,98.4096,114.441,111.889,143.35,97.8136,100.25,78.7414,429.735,515.519,86.8245,106.236,64.4676,86.7641,87.6507,72.2584,72.3728,22.4408,sat
96ae6bde39369f75aa975b0f5b74c325,292.595,127.024,303.222,193.205,230.432,10000.0,3893.81,779.714,912.134,772.071,10000.0,10000.0,901.707,1029.83,1021.91,997.922,92.0653,258.01,140.158,301.19,1054.92,831.266,799.921,10000.0,1284.76,2494.98,981.84,202.632,134.013,185.87,186.489,186.077,10000.0,10000.0,323.079,10000.0,133.708,122.943,413.426,1286.65,985.467,1547.97,sat
96e01064ac3b644143278c21859e201f,305.154,118.364,69.7027,189.623,77.9513,10000.0,2761.21,370.527,358.323,47.4227,2548.98,116.321,47.3275,1676.86,158.307,160.315,84.9076,63.4344,318.515,21.8048,1171.65,45.2688,640.912,10000.0,179.993,381.711,169.083,944.645,9.89478,28.4898,28.4912,28.3207,10000.0,10000.0,73.7693,10000.0,58.6266,213.979,16.1031,1633.97,474.42,9.69927,sat
98c6da979a0a22d384d465a1da17111e,10000.0,10000.0,1406.91,4389.63,2266.6,10000.0,10000.0,10000.0,10000.0,10000.0,10000.0,10000.0,10000.0,574.418,575.682,578.585,10000.0,3656.1,10000.0,4329.17,10000.0,10000.0,10000.0,10000.0,10000.0,10000.0,10000.0,2556.25,10000.0,10000.0,10000.0,10000.0,10000.0,10000.0,10000.0,10000.0,10000.0,10000.0,10000.0,10000.0,10000.0,10000.0,sat
9de6ddddf7fde06bf2efd955e2bd1a83,20.0179,310.325,167.112,170.819,1.21953,10000.0,10000.0,10000.0,1040.95,10000.0,10000.0,10000.0,1017.27,2709.66,2807.48,3184.88,256.078,214.86,498.36,382.07,75.7143,76.6372,76.0482,10000.0,560.25,760.573,57.0232,63.59,92.0584,2572.77,2546.04,2573.88,10000.0,10000.0,10000.0,10000.0,32.0731,4134.92,4183.8,10000.0,10000.0,1560.16,sat
9e18c079efdc17ceade5c7a330b507d2,47.8487,54.3925,157.037,71.32,723.708,10000.0,96.0184,123.378,31.6025,131.156,67.795,31.8129,131.491,69.7094,39.7474,39.7383,137.084,62.0217,267.791,101.149,134.563,158.472,97.084,151.349,226.301,334.251,114.506,232.848,162.784,115.169,73.2752,59.9863,10000.0,10000.0,146.464,10000.0,73.4892,75.4019,40.8835,71.1493,92.2854,17.53,sat
9f3ef12b5b68f92eb9265721ea73bb03,156.353,77.1912,595.17,249.049,670.58,10000.0,567.327,1096.31,3073.3,10000.0,4530.97,2342.72,3035.1,10000.0,10000.0,10000.0,540.313,804.828,255.549,282.09,581.251,460.281,226.819,10000.0,210.933,10000.0,3193.35,189.292,1229.17,343.394,341.226,344.893,10000.0,856.82,231.316,10000.0,322.65,895.333,3324.18,815.517,1674.32,3331.01,sat
9fe43145e48a0ef0096bb72531f1a0e3,10000.0,10000.0,10000.0,10000.0,10000.0,10000.0,10000.0,10000.0,10000.0,10000.0,10000.0,10000.0,10000.0,10000.0,10000.0,10000.0,10000.0,10000.0,10000.0,10000.0,10000.0,10000.0,10000.0,10000.0,10000.0,10000.0,10000.0,10000.0,10000.0,10000.0,10000.0,10000.0,10000.0,10000.0,10000.0,10000.0,10000.0,10000.0,10000.0,10000.0,10000.0,10000.0,sat
a09a2d7397732447bdcc9651973767b7,10000.0,10000.0,10000.0,10000.0,10000.0,10000.0,4966.42,10000.0,3840.13,10000.0,3102.83,10000.0,10000.0,10000.0,1431.9,1894.44,10000.0,10000.0,10000.0,10000.0,10000.0,10000.0,10000.0,10000.0,10000.0,4176.61,10000.0,10000.0,10000.0,1933.14,1941.76,1938.05,10000.0,10000.0,10000.0,10000.0,10000.0,3636.42,10000.0,732.822,2739.13,2409.81,sat
a18b6fbdfee43c007e07dedf15477797,0.523624,373.578,265.445,264.47,2.02505,10000.0,10000.0,10000.0,439.141,10000.0,10000.0,10000.0,442.681,1221.33,1221.46,3793.11,11.3013,11.6176,113.335,218.829,77.2572,78.0045,77.252,10000.0,317.734,514.996,458.956,134.176,72.7652,985.714,993.36,1148.98,10000.0,10000.0,10000.0,10000.0,252.289,10000.0,10000.0,460.554,10000.0,1353.6,sat
a4941208671f6ebfd118e4e563538c31,0.631213,154.221,452.492,465.565,15.3516,10000.0,10000.0,4142.94,2042.09,612.814,2001.96,4152.61,620.103,2274.0,2279.62,2914.29,962.394,1131.69,1818.81,225.503,72.1585,72.179,72.2613,10000.0,245.125,446.231,15.2751,480.683,396.312,3699.72,3669.97,3695.08,10000.0,10000.0,10000.0,10000.0,146.068,970.784,969.951,3781.41,10000.0,165.166,sat
a811388cc92def6ef2d639dc062d456c,97.4977,214.198,265.798,4.96684,1939.2,10000.0,1374.42,2393.68,54.5344,1037.47,126.677,616.102,55.1276,1446.03,1460.47,951.237,884.149,111.149,313.196,3087.28,2551.82,788.194,1119.81,3998.18,288.73,1224.81,97.0189,102.907,1745.42,1250.44,1239.85,1260.23,10000.0,10000.0,10000.0,10000.0,206.247,572.423,415.434,1301.52,2787.83,152.748,sat
a83665715cf54e10f6d5382b97fd909c,10000.0,10000.0,3593.86,3077.4,3741.38,10000.0,10000.0,10000.0,10000.0,10000.0,10000.0,10000.0,10000.0,10000.0,10000.0,10000.0,10000.0,10000.0,10000.0,10000.0,10000.0,10000.0,10000.0,10000.0,10000.0,10000.0,10000.0,3467.43,10000.0,10000.0,10000.0,10000.0,10000.0,10000.0,10000.0,10000.0,10000.0,10000.0,1731.14,10000.0,2857.05,10000.0,sat
accf33a84bdf211bebbd2111fb7f6b91,2.33829,122.36,15.802,15.7913,1.49654,241.035,117.511,136.458,116.669,129.008,115.57,134.969,129.348,139.816,126.435,124.694,15.4661,15.4997,15.6105,15.408,342.494,330.052,337.715,250.111,203.499,409.44,131.098,218.874,317.81,112.951,113.626,112.587,129.769,112.944,107.726,136.806,110.856,129.89,113.788,128.887,124.611,133.646,sat
ae9522ea003ea9f75891b2d37a5e264b,388.915,10000.0,0.068357,0.06601,107.988,10000.0,0.032951,0.033084,0.032102,0.031695,0.033229,0.033267,0.032272,0.980031,0.683177,0.68015,0.067155,0.067515,0.067662,0.067996,10000.0,10000.0,10000.0,10000.0,100.102,300.151,1959.2,11.7625,92.1933,1669.95,1678.35,1673.09,0.03162,10000.0,0.114118,0.03192,0.029417,0.032968,0.031564,0.032333,0.033042,0.255596,sat
af3d5273605b21b9d4c56dd46cbf366a,1.06322,121.491,373.296,379.625,0.193979,10000.0,10000.0,10000.0,2038.75,1827.01,10000.0,10000.0,2052.13,10000.0,10000.0,2977.02,171.673,90.903,11.2186,135.833,75.022,74.197,74.9974,10000.0,179.736,380.56,232.863,463.073,95.8602,1109.67,1085.07,1087.05,10000.0,10000.0,10000.0,10000.0,61.5328,10000.0,10000.0,10000.0,10000.0,409.517,sat
b157aeb75aec9158fed9e16d7fd2da57,10000.0,10000.0,10000.0,10000.0,10000.0,3268.52,10000.0,10000.0,1556.89,10000.0,10000.0,2647.54,1513.89,10000.0,10000.0,10000.0,10000.0,10000.0,10000.0,10000.0,144.287,612.042,10000.0,10000.0,1461.71,1675.17,2602.61,10000.0,10000.0,3046.73,3046.72,3493.14,10000.0,10000.0,274.767,10000.0,10000.0,900.588,10000.0,10000.0,10000.0,10000.0,sat
b44611ea7852dd30215cc1cb09e1ab79,51.3768,79.7246,11.5806,11.6045,12.0193,772.842,73.2776,82.0071,58.4551,66.043,65.5086,73.4342,65.3644,87.9607,58.1394,58.2693,22.2542,45.6584,14.026,46.0894,110.605,39.3421,121.749,142.764,84.1324,84.0725,69.8991,35.1951,131.456,77.1404,46.6774,76.1983,333.055,465.019,51.3591,116.406,44.9278,69.2175,64.1679,65.7269,55.4212,79.5689,sat
b5cede38496a803dcfa155a5f4295c47,140.21,1153.42,150.451,700.52,179.341,10000.0,34.9243,209.686,43.4172,220.426,104.624,110.347,221.59,98.0152,69.3106,69.2348,1041.16,117.629,321.31,392.119,137.652,505.526,117.649,261.802,134.846,329.589,122.183,778.584,28.4736,23.3339,23.2478,143.482,10000.0,10000.0,364.764,10000.0,100.489,108.417,104.603,79.9057,340.394,120.357,sat
bc3a8bd47c5575c2f1b31882d28ee091,10000.0,10000.0,10000.0,10000.0,10000.0,10000.0,10000.0,10000.0,10000.0,10000.0,10000.0,10000.0,10000.0,10000.0,10000.0,10000.0,10000.0,10000.0,10000.0,10000.0,10000.0,10000.0,10000.0,10000.0,10000.0,10000.0,10000.0,10000.0,10000.0,10000.0,10000.0,10000.0,10000.0,10000.0,10000.0,10000.0,10000.0,10000.0,10000.0,10000.0,10000.0,10000.0,sat
bca01a49805df3399a0438191019e417,0.752598,198.98,175.493,176.836,3.45959,10000.0,10000.0,10000.0,4265.21,10000.0,10000.0,10000.0,4268.45,10000.0,10000.0,10000.0,48.5393,114.221,93.2502,35.6479,76.8907,76.33,76.804,10000.0,321.333,527.078,243.743,89.1941,98.74,970.379,981.56,971.405,10000.0,10000.0,1813.06,10000.0,99.5209,10000.0,10000.0,10000.0,10000.0,306.252,sat
bcd753d08904860fa93a794557185e04,81.5157,10000.0,248.349,10000.0,10000.0,10000.0,311.015,409.012,443.581,3007.86,172.304,253.414,2980.58,655.035,613.9,608.364,10000.0,278.338,10000.0,10000.0,10000.0,10000.0,10000.0,10000.0,10000.0,10000.0,1216.88,1054.22,10000.0,517.74,279.304,185.003,10000.0,10000.0,201.057,10000.0,10000.0,626.236,643.42,284.427,1441.96,1575.15,sat
bdc85226a8d910a8b7d6a8730c7a4572,76.0734,111.816,20.3001,20.1935,21.1227,3206.26,119.057,132.703,72.282,83.6652,139.895,131.482,140.32,111.796,82.6363,82.2545,31.4115,62.6007,144.023,59.9897,142.395,87.4974,157.622,357.236,112.12,113.085,154.342,92.25,180.836,117.078,144.486,137.066,285.035,885.24,117.366,182.495,134.139,119.708,85.4809,101.978,55.8837,124.087,sat
c0069efa0c924e416878d9426f1ef92e,0.351625,759.897,107.546,110.481,9.04196,10000.0,10000.0,10000.0,10000.0,2222.18,10000.0,10000.0,2242.89,10000.0,10000.0,10000.0,267.535,2834.25,498.939,134.195,72.844,72.2714,72.9538,10000.0,768.778,962.554,250.026,641.858,1682.53,3583.12,3613.22,3579.08,10000.0,10000.0,10000.0,10000.0,58.6111,10000.0,10000.0,2786.08,10000.0,1407.26,sat
c115ebeec47bb82fa7f9850a632ec94a,89.9696,28.5034,22.0269,71.2082,22.3593,1852.71,733.603,15.2405,110.841,5.08971,177.562,323.248,5.06,3885.66,0.541922,0.541247,91.9823,30.2561,29.6139,4.27259,45.2844,321.448,135.469,10000.0,123.01,323.899,5.41842,70.529,52.8454,37.9734,37.2134,37.7336,10000.0,0.180824,13.4677,10000.0,3.17428,3.41118,3.30738,3.15299,940.168,1.84174,sat
c1324a6876269ee93890e266fe214557,0.556687,89.49,47.2622,46.9845,0.362966,10000.0,10000.0,10000.0,10000.0,602.876,3775.34,10000.0,3817.31,10000.0,10000.0,10000.0,90.4292,48.5665,91.6971,25.1087,74.1243,74.0592,74.1529,10000.0,229.528,429.555,76.0926,101.908,119.697,10000.0,10000.0,10000.0,10000.0,10000.0,4910.75,10000.0,95.0205,10000.0,10000.0,10000.0,10000.0,1355.55,sat
c1b5c3d1016de7baeb0ddb3a2ab2d891,0.516152,505.151,498.818,491.884,24.6607,10000.0,4054.2,10000.0,4490.68,4524.77,1217.11,10000.0,4638.77,10000.0,10000.0,10000.0,594.91,407.29,804.119,553.141,73.9794,73.4852,73.6533,10000.0,169.323,369.747,176.935,700.78,475.114,10000.0,10000.0,10000.0,10000.0,10000.0,10000.0,10000.0,337.69,10000.0,10000.0,1047.06,3791.3,192.74,sat
c9f7ca549a6773bea4628e2c66f597c6,527.66,16.7314,20.6578,59.4334,21.0788,10000.0,10000.0,3.48771,3.39729,170.264,10000.0,13.8073,172.309,1.37684,0.454551,0.460966,324.557,110.129,4.76323,27.7634,73.7671,142.498,135.56,10000.0,109.199,310.207,10.9958,61.1934,91.1229,18.3972,18.5514,18.404,10000.0,0.134136,12.5417,10000.0,17.6697,363.978,101.113,43.6056,1840.35,7.23978,sat
caead0e04b6de4365822b25dfd55967f,10000.0,10000.0,10000.0,10000.0,10000.0,10000.0,10000.0,10000.0,10000.0,10000.0,10000.0,2699.09,10000.0,10000.0,10000.0,10000.0,10000.0,10000.0,10000.0,10000.0,10000.0,10000.0,10000.0,10000.0,10000.0,10000.0,10000.0,10000.0,1423.08,10000.0,10000.0,10000.0,2926.36,10000.0,10000.0,4397.73,10000.0,10000.0,10000.0,10000.0,4919.38,10000.0,sat
cbd0933002d6c4ea99ceb47bb0c3f4c9,265.915,102.015,654.18,796.793,253.47,10000.0,78.6839,387.368,251.994,780.074,21.9476,169.549,770.13,181.73,354.842,312.474,762.66,709.26,2915.26,258.072,75.2521,178.014,322.527,10000.0,187.973,798.717,50.6028,663.959,181.552,492.714,507.032,494.157,10000.0,10000.0,899.05,10000.0,956.672,1540.04,220.346,383.772,584.017,540.106,sat
cd118ff851f95661b2a3adfc3e393c74,10000.0,10000.0,10000.0,10000.0,10000.0,10000.0,10000.0,10000.0,2374.29,10000.0,195.337,10000.0,10000.0,187.715,187.696,282.632,10000.0,10000.0,10000.0,10000.0,10000.0,3036.76,10000.0,10000.0,10000.0,10000.0,10000.0,10000.0,4505.82,10000.0,10000.0,10000.0,10000.0,10000.0,1164.51,10000.0,10000.0,10000.0,10000.0,10000.0,10000.0,10000.0,sat
cdd131110acc861a5a01fae6c4936c91,113.029,10000.0,10000.0,10000.0,10000.0,10000.0,10000.0,10000.0,3666.02,4150.25,413.567,10000.0,10000.0,1423.81,1396.68,1385.34,9.57243,10000.0,10000.0,10000.0,4164.78,1905.09,4113.32,10000.0,2535.44,2692.31,2004.63,207.1,10000.0,4067.11,4071.94,4087.18,10000.0,10000.0,10000.0,10000.0,10000.0,10000.0,10000.0,3452.12,10000.0,95.09,sat
ce49f590c98885f7ac95567f2b1e7dd5,1.09361,136.195,124.547,123.322,121.057,397.529,38.7324,40.8226,25.4631,58.6528,54.3836,18.821,54.1434,83.247,23.674,23.6472,584.712,186.056,152.998,499.991,75.5311,76.4827,73.1751,29.3712,162.377,315.103,69.55,177.6,61.4067,142.327,141.493,142.171,568.6,166.188,52.6983,482.147,289.065,37.3794,49.8209,70.5267,48.9957,21.3802,sat
cea96962ebd736646af54d950943d909,0.405575,74.5777,66.7899,68.5787,0.414429,10000.0,1469.64,2756.55,4123.8,1587.67,311.978,2765.16,316.708,213.197,214.077,1353.91,110.68,48.2311,46.977,1.64432,71.647,72.0999,71.5474,10000.0,180.92,380.459,70.856,76.04,107.606,730.256,735.517,802.545,10000.0,10000.0,4221.29,10000.0,27.308,502.605,502.276,2494.15,1399.78,45.2115,sat
d0364ea3e1680c6da7e982e6b0264af6,327.894,1521.74,0.019333,0.018024,39.0754,10000.0,0.00992,0.01037,0.010208,0.010762,0.01049,0.010387,0.010282,0.348506,0.366199,0.320921,0.019663,0.01959,0.020046,0.01901,2691.53,10000.0,2700.93,10000.0,100.049,300.143,3238.4,10000.0,659.21,1053.13,1053.8,1097.37,0.010027,10000.0,92.539,0.010295,0.010622,0.010607,0.009919,0.010662,0.010573,0.234525,sat
d0fe6bf914469ca51675bac9078a2c0b,125.344,132.957,265.987,270.544,291.626,10000.0,770.086,1516.11,295.556,1292.82,873.587,991.108,296.04,10000.0,10000.0,10000.0,290.606,668.879,640.878,324.72,687.23,584.234,368.219,10000.0,313.315,781.746,2097.27,265.408,790.207,98.1309,98.9098,97.3454,10000.0,986.171,10000.0,10000.0,483.493,777.904,205.868,1339.5,993.121,20.5711,sat
d1a62a8688c6c4fabd0dec3770ce40dd,15.7304,6.84666,8.6921,8.69183,8.8628,229.748,10.9964,5.8069,5.63487,2.56522,15.1643,5.83247,15.3143,2.84383,2.81261,108.64,22.335,9.72013,28.5027,8.88691,40.1176,45.2647,50.1128,2831.73,106.794,304.477,9.04615,31.992,16.007,14.0989,14.1497,13.9891,16.6117,183.206,3.08681,101.284,5.88422,12.3457,19.6791,1.59308,10.6512,2.19225,sat
d3529338d35aa27e8024932d3b5f64b5,48.7878,53.4643,34.8789,37.3779,74.7684,1764.26,44.6306,45.6037,47.4914,51.2513,38.6374,40.4765,38.8396,62.0176,39.1948,39.0186,81.577,36.9559,41.2034,82.9306,106.006,60.7703,99.851,131.02,188.52,388.946,54.0821,65.1689,86.8558,88.6369,82.3639,66.2891,343.199,354.393,40.5116,104.798,19.1429,28.3418,54.7351,44.4658,79.3904,29.3648,sat
d46c3fc9e953d4f84e8a18e52e29e7b7,10000.0,10000.0,1934.76,3472.59,3387.18,10000.0,10000.0,10000.0,10000.0,10000.0,10000.0,10000.0,10000.0,3122.81,3145.95,3104.1,10000.0,10000.0,3048.12,10000.0,10000.0,10000.0,10000.0,10000.0,10000.0,10000.0,10000.0,3331.13,10000.0,10000.0,10000.0,10000.0,10000.0,10000.0,10000.0,10000.0,10000.0,10000.0,10000.0,10000.0,10000.0,10000.0,sat
d5efaaee0197822c2676e45bac5068b2,109.067,96.8314,686.91,268.357,259.2,10000.0,81.6369,354.019,150.806,406.736,102.017,230.787,401.211,94.3815,64.2506,64.4469,363.778,945.822,122.528,270.279,140.969,342.647,143.344,2174.02,123.727,341.913,64.1531,80.9325,166.365,169.878,74.6349,30.4272,10000.0,10000.0,399.949,10000.0,163.683,90.3076,242.121,114.202,27.3169,47.083,sat
d66ab8bce1b8979dbd26b3c220e817be,10000.0,10000.0,1885.9,1568.67,1614.53,10000.0,10000.0,10000.0,10000.0,10000.0,10000.0,10000.0,10000.0,4661.88,4640.79,4717.86,1651.74,2726.35,3108.65,3176.62,10000.0,10000.0,10000.0,10000.0,10000.0,10000.0,10000.0,2338.95,10000.0,3039.51,10000.0,3230.57,1693.09,3322.38,10000.0,382.649,10000.0,10000.0,10000.0,10000.0,10000.0,10000.0,sat
d84a89fb1bc1ff37dc4737867257b290,0.681416,80.5212,24.6905,24.4272,0.648494,10000.0,10000.0,10000.0,10000.0,10000.0,975.698,10000.0,991.091,10000.0,10000.0,10000.0,173.856,91.9712,89.538,76.7789,116.909,76.87,117.368,10000.0,702.538,907.201,76.0234,123.636,581.417,10000.0,10000.0,10000.0,10000.0,10000.0,10000.0,10000.0,187.372,10000.0,10000.0,10000.0,10000.0,10000.0,sat
d89718e39ff99638c2882b47988120cd,27.1689,19.8854,11.0051,26.8998,5.74943,0.256489,2865.01,4.06221,4.02101,5.73429,10000.0,28.4148,5.80123,2.17478,0.544565,0.561861,120.445,7.34918,37.1781,38.256,194.215,163.11,10000.0,10000.0,110.493,310.851,11.7288,31.3184,29.8822,7.49259,7.34734,7.50516,10000.0,0.158994,5.03514,4.16487,9.45207,70.5136,35.3512,35.0276,1264.45,1.73737,sat
d8f131a86243ef138af39abf52a479e5,92.6157,1418.7,288.285,83.2133,77.8484,10000.0,178.815,55.2289,112.965,76.2569,109.213,725.108,76.7335,59.1167,29.251,29.2733,274.158,267.143,920.423,106.378,109.727,264.573,10000.0,10000.0,391.781,341.333,75.835,68.1026,25.2889,561.135,132.208,311.092,10000.0,10000.0,251.507,10000.0,48.93,304.696,272.449,166.997,151.937,76.6864,sat
ddd3b43476c18cf483aac233d4dc1c68,40.3909,36.1349,60.595,28.0954,29.3372,731.935,28.7555,32.4365,33.0376,26.0553,44.5409,19.945,44.7667,47.7507,32.8153,32.8972,68.6569,70.069,36.4538,29.7215,66.0966,30.7076,48.2716,102.931,129.365,330.026,48.4717,47.8493,76.0996,22.4612,39.3546,63.7563,116.535,244.104,41.0393,51.1761,35.4884,37.6539,15.0255,18.7659,33.2593,33.9417,sat
deef4e5f8bf88393cea9589dff97d70c,10000.0,10000.0,10000.0,10000.0,4051.86,10000.0,10000.0,10000.0,10000.0,10000.0,10000.0,10000.0,10000.0,10000.0,10000.0,10000.0,10000.0,10000.0,10000.0,10000.0,10000.0,10000.0,10000.0,10000.0,10000.0,10000.0,10000.0,10000.0,10000.0,10000.0,10000.0,10000.0,10000.0,10000.0,10000.0,10000.0,10000.0,10000.0,10000.0,10000.0,10000.0,10000.0,sat
df237594dc22b8f7cad2c4b38a23e40c,10000.0,10000.0,10000.0,10000.0,10000.0,10000.0,10000.0,10000.0,10000.0,10000.0,10000.0,10000.0,10000.0,10000.0,10000.0,10000.0,10000.0,10000.0,10000.0,10000.0,10000.0,10000.0,10000.0,10000.0,10000.0,10000.0,10000.0,10000.0,10000.0,10000.0,10000.0,10000.0,10000.0,10000.0,10000.0,10000.0,10000.0,10000.0,10000.0,10000.0,10000.0,10000.0,sat
e966bddd11e46b735f8520f8304e368e,185.252,31.5496,58.8641,724.523,204.819,10000.0,110.137,329.89,106.26,128.219,117.003,55.7766,129.099,67.0615,36.9586,36.7126,209.8,837.574,366.148,290.419,644.132,2092.52,398.086,10000.0,308.516,498.568,107.592,818.583,42.9986,263.6,327.664,149.128,10000.0,10000.0,290.641,10000.0,133.955,304.779,234.185,435.707,61.3409,4093.35,sat
ea5b47b3ffb3b8cb77a2cff83cc1ffba,10000.0,10000.0,10000.0,10000.0,4618.93,10000.0,10000.0,10000.0,2845.54,10000.0,10000.0,10000.0,10000.0,10000.0,10000.0,10000.0,10000.0,10000.0,10000.0,10000.0,10000.0,10000.0,10000.0,10000.0,10000.0,10000.0,10000.0,3030.33,10000.0,10000.0,10000.0,10000.0,10000.0,10000.0,10000.0,10000.0,10000.0,10000.0,10000.0,10000.0,10000.0,10000.0,sat
eca3692344e30ae83a49158b5baf3372,368.953,20.2233,30.6898,30.6107,31.6343,0.271278,701.75,4.72637,4.63348,123.086,10000.0,4.74601,123.699,2.71175,0.561117,0.564324,8.16705,7.26908,8.51787,42.0656,77.0475,51.3975,10000.0,10000.0,109.466,309.923,4.40471,90.0148,11.2099,14.7836,14.7819,14.8243,10000.0,0.164582,4.00865,10000.0,1.38506,4.41219,4.66106,6.01923,680.61,10.1893,sat
ed76b075cdf07435c6e4f6203dd10cb7,18.7979,852.838,48.6782,49.1485,1.43297,10000.0,10000.0,10000.0,2072.29,10000.0,10000.0,10000.0,2056.79,10000.0,10000.0,1110.19,112.165,50.6155,25.3666,546.48,77.0734,76.4355,77.2236,10000.0,598.825,794.962,195.896,131.149,482.231,10000.0,10000.0,10000.0,10000.0,10000.0,10000.0,10000.0,64.6045,10000.0,10000.0,10000.0,10000.0,4418.76,sat
eec821f866557886a5b0352332943fa2,22.5106,69.0134,255.208,257.427,2.68849,10000.0,10000.0,10000.0,3489.99,1119.51,10000.0,10000.0,3506.7,10000.0,10000.0,4946.91,87.721,25.6788,70.238,215.534,76.4608,75.16,76.4212,10000.0,150.727,350.835,202.619,133.673,193.615,2258.57,2259.18,2255.78,10000.0,10000.0,10000.0,10000.0,107.525,2300.76,2321.61,533.737,10000.0,31.3237,sat
eecdcc36d35f06224cc972cbb08de804,0.305011,304.772,441.969,450.248,57.6036,10000.0,457.226,10000.0,2499.05,1598.9,268.774,10000.0,1715.43,26.2175,26.2572,2068.56,335.949,828.025,370.853,314.522,73.2424,71.9705,71.876,10000.0,129.717,329.648,246.723,482.103,483.328,388.461,394.551,390.795,10000.0,10000.0,10000.0,10000.0,95.2728,2196.83,2184.28,10000.0,446.664,410.99,sat
f02379d63678798e38dcc52b043cc51d,543.584,278.67,185.547,188.837,200.712,10000.0,10000.0,10000.0,1208.82,3389.12,1440.17,253.74,1209.37,4260.86,4156.14,4306.35,210.046,216.967,225.537,220.726,520.132,559.415,485.657,10000.0,1278.86,1419.74,3495.16,134.059,54.2477,162.657,163.304,162.543,10000.0,10000.0,633.629,10000.0,101.136,1203.18,10000.0,3375.25,637.973,302.541,sat
f0895a5904fb97278b7b54733ee1dabb,6.80296,22.6046,69.1547,72.612,73.2721,0.25224,1612.92,148.559,69.3948,5.13009,1925.39,103.721,5.14783,1.68192,0.511878,0.510172,5.07085,4.27602,34.1001,34.1815,10000.0,51.6854,228.168,10000.0,102.268,303.157,47.8877,28.2154,25.264,2.67056,2.68887,2.68024,10000.0,0.159619,3.67378,10000.0,8.13507,363.067,153.712,100.432,1104.39,1.54508,sat
f20c2aa0f9cced05a74031e0a3afaa1a,24.4218,37.3769,40.1625,40.8796,226.369,10000.0,93.7676,67.0916,102.67,41.4166,85.2619,122.309,41.4951,131.563,101.564,101.394,107.165,66.5064,352.234,101.362,109.484,142.492,70.7643,10000.0,157.635,329.959,51.8774,195.13,25.8059,120.284,170.336,59.5405,10000.0,10000.0,190.885,10000.0,25.524,47.4192,95.2002,28.08,33.4427,3945.28,sat
f26f199564d6ffac7e700c2e66470ec0,10000.0,10000.0,10000.0,10000.0,10000.0,10000.0,10000.0,10000.0,10000.0,10000.0,10000.0,10000.0,10000.0,10000.0,10000.0,10000.0,10000.0,10000.0,10000.0,10000.0,10000.0,10000.0,10000.0,10000.0,10000.0,10000.0,10000.0,10000.0,10000.0,10000.0,10000.0,10000.0,10000.0,10000.0,10000.0,10000.0,10000.0,10000.0,10000.0,10000.0,10000.0,10000.0,sat
f35ed23733431177436a1e7797c07dfe,82.63,662.607,1898.88,1974.35,4248.71,10000.0,10000.0,10000.0,10000.0,10000.0,10000.0,10000.0,2337.06,10000.0,10000.0,10000.0,284.553,833.201,2548.83,1029.93,75.3632,127.078,75.2988,10000.0,628.399,828.131,1208.71,10000.0,1238.91,10000.0,10000.0,10000.0,10000.0,10000.0,10000.0,10000.0,1319.72,10000.0,10000.0,10000.0,10000.0,45.3419,sat
f448874997bae64bd455fb00309dc738,127.286,115.627,209.834,217.382,85.9548,10000.0,498.2,2903.52,452.423,1644.14,715.239,842.563,450.429,572.354,547.454,543.614,78.2462,98.5633,99.8333,115.622,214.998,247.001,231.684,10000.0,727.971,648.553,1010.64,230.698,41.5446,161.67,161.471,161.124,10000.0,470.353,497.034,10000.0,70.0718,186.698,121.428,539.955,316.504,204.56,sat
f959755d7c68ea8b64d900e589fbe21f,117.627,86.1021,119.594,35.0829,38.2858,2663.62,34.6077,107.405,102.94,48.7819,30.1878,36.7441,29.7358,58.3426,62.0485,61.4208,180.258,110.804,110.381,112.178,127.814,123.239,535.437,10000.0,160.504,361.142,147.831,49.9078,98.3638,182.993,100.249,46.7445,10000.0,282.384,58.1639,4950.34,26.7071,66.7788,75.0437,62.5677,19.8476,38.8776,sat
fab0db1ab0dd5baa3215aab51ab69355,565.327,21.6323,72.0907,25.0715,73.1187,0.250698,10000.0,4.03389,3.93159,182.004,4.99249,4.17311,179.631,1.85894,0.529041,0.509086,35.4614,38.2816,128.917,4.84047,10000.0,170.804,1663.46,10000.0,126.654,328.156,13.6282,26.9481,9.89491,1.99731,1.99893,1.99807,10000.0,0.156716,19.1893,989.387,21.5723,5.58772,3.59573,3.39305,1563.6,9.79993,sat
faeb113864d97ea4cb3f01f95d2fe92f,0.74971,124.311,90.028,91.0823,0.462254,10000.0,10000.0,10000.0,3787.0,10000.0,701.447,10000.0,709.609,10000.0,10000.0,10000.0,72.287,48.8092,173.35,171.326,74.8882,72.6567,74.9418,10000.0,163.562,364.542,81.456,86.4472,152.857,1086.65,1113.61,1108.59,10000.0,10000.0,10000.0,10000.0,183.117,10000.0,10000.0,10000.0,10000.0,205.347,sat
fdc5aa7c150fd1c49ad3b50433277528,10000.0,10000.0,10000.0,2920.19,1765.89,10000.0,10000.0,10000.0,3682.51,10000.0,10000.0,10000.0,10000.0,10000.0,10000.0,10000.0,10000.0,10000.0,10000.0,10000.0,10000.0,10000.0,10000.0,10000.0,10000.0,10000.0,10000.0,2091.43,10000.0,10000.0,10000.0,3993.17,10000.0,10000.0,10000.0,10000.0,10000.0,10000.0,10000.0,10000.0,10000.0,10000.0,sat
fdfcd52a21824b7181d66672f283ba04,2.30677,5.5765,2.76417,2.72653,2.83009,1.81501,1.9113,2.10679,1.63807,6.32463,1.4258,1.81142,6.36918,3.80894,1.99469,101.97,11.6191,2.15693,2.82112,2.64771,1.03591,5.37683,2.21583,0.971891,101.017,302.309,2.43954,8.3542,1.87757,2.59927,2.57456,3.1865,1.19432,0.695021,2.9083,2.57532,2.9112,1.56621,1.67385,1.32412,1.72927,2.58503,sat
fee70cede2b5b55bfbdb6e48fbe7ce4f,264.62,208.792,230.373,87.8732,224.88,568.715,414.835,230.407,50.9645,158.196,207.473,309.254,157.507,384.189,390.398,397.772,329.603,55.4933,111.197,243.833,921.742,896.858,660.166,2146.29,230.572,922.709,172.149,78.1397,394.543,103.797,207.168,232.292,826.563,468.964,215.562,117.933,245.354,219.3,403.65,423.964,182.453,514.748,sat
